"LOCATION","INDICATOR","SUBJECT","MEASURE","FREQUENCY","TIME","Value","Flag Codes"
"AUS","CPIFORECAST","TOT","AGRWTH","A","1961",2.2875816993,
"AUS","CPIFORECAST","TOT","AGRWTH","A","1962",-0.3194888179,
"AUS","CPIFORECAST","TOT","AGRWTH","A","1963",0.641025641,
"AUS","CPIFORECAST","TOT","AGRWTH","A","1964",2.8662420382,
"AUS","CPIFORECAST","TOT","AGRWTH","A","1965",3.4055727554,
"AUS","CPIFORECAST","TOT","AGRWTH","A","1966",3.2934131737,
"AUS","CPIFORECAST","TOT","AGRWTH","A","1967",3.4782608696,
"AUS","CPIFORECAST","TOT","AGRWTH","A","1968",2.5210084034,
"AUS","CPIFORECAST","TOT","AGRWTH","A","1969",3.2786885246,
"AUS","CPIFORECAST","TOT","AGRWTH","A","1970",3.4391534392,
"AUS","CPIFORECAST","TOT","AGRWTH","A","1971",6.1381074169,
"AUS","CPIFORECAST","TOT","AGRWTH","A","1972",6.0240963855,
"AUS","CPIFORECAST","TOT","AGRWTH","A","1973",9.0909090909,
"AUS","CPIFORECAST","TOT","AGRWTH","A","1974",15.4166666667,
"AUS","CPIFORECAST","TOT","AGRWTH","A","1975",15.1624548736,
"AUS","CPIFORECAST","TOT","AGRWTH","A","1976",13.3228840125,
"AUS","CPIFORECAST","TOT","AGRWTH","A","1977",12.3098201936,
"AUS","CPIFORECAST","TOT","AGRWTH","A","1978",8.0049261084,
"AUS","CPIFORECAST","TOT","AGRWTH","A","1979",9.1220068415,
"AUS","CPIFORECAST","TOT","AGRWTH","A","1980",10.1358411703,
"AUS","CPIFORECAST","TOT","AGRWTH","A","1981",9.4876660342,
"AUS","CPIFORECAST","TOT","AGRWTH","A","1982",11.3518197574,
"AUS","CPIFORECAST","TOT","AGRWTH","A","1983",10.0389105058,
"AUS","CPIFORECAST","TOT","AGRWTH","A","1984",3.9603960396,
"AUS","CPIFORECAST","TOT","AGRWTH","A","1985",6.7346938776,
"AUS","CPIFORECAST","TOT","AGRWTH","A","1986",9.0904349922,
"AUS","CPIFORECAST","TOT","AGRWTH","A","1987",8.4875754813,
"AUS","CPIFORECAST","TOT","AGRWTH","A","1988",7.2120559742,
"AUS","CPIFORECAST","TOT","AGRWTH","A","1989",7.5803212851,
"AUS","CPIFORECAST","TOT","AGRWTH","A","1990",7.2328511433,
"AUS","CPIFORECAST","TOT","AGRWTH","A","1991",3.3072236728,
"AUS","CPIFORECAST","TOT","AGRWTH","A","1992",0.9688289806,
"AUS","CPIFORECAST","TOT","AGRWTH","A","1993",1.7521902378,
"AUS","CPIFORECAST","TOT","AGRWTH","A","1994",1.9680196802,
"AUS","CPIFORECAST","TOT","AGRWTH","A","1995",4.5838359469,
"AUS","CPIFORECAST","TOT","AGRWTH","A","1996",2.6528258362,
"AUS","CPIFORECAST","TOT","AGRWTH","A","1997",0.2247191011,
"AUS","CPIFORECAST","TOT","AGRWTH","A","1998",0.8594917788,
"AUS","CPIFORECAST","TOT","AGRWTH","A","1999",1.4079288625,
"AUS","CPIFORECAST","TOT","AGRWTH","A","2000",4.457435148,
"AUS","CPIFORECAST","TOT","AGRWTH","A","2001",4.407135362,
"AUS","CPIFORECAST","TOT","AGRWTH","A","2002",3.0485762144,
"AUS","CPIFORECAST","TOT","AGRWTH","A","2003",2.7308192458,
"AUS","CPIFORECAST","TOT","AGRWTH","A","2004",2.3417721519,
"AUS","CPIFORECAST","TOT","AGRWTH","A","2005",2.6592455164,
"AUS","CPIFORECAST","TOT","AGRWTH","A","2006",3.5542168675,
"AUS","CPIFORECAST","TOT","AGRWTH","A","2007",2.3560209424,
"AUS","CPIFORECAST","TOT","AGRWTH","A","2008",4.347826087,
"AUS","CPIFORECAST","TOT","AGRWTH","A","2009",1.7701525054,
"AUS","CPIFORECAST","TOT","AGRWTH","A","2010",2.8632592989,
"AUS","CPIFORECAST","TOT","AGRWTH","A","2011",3.3298647242,
"AUS","CPIFORECAST","TOT","AGRWTH","A","2012",1.7119838872,
"AUS","CPIFORECAST","TOT","AGRWTH","A","2013",2.4504950495,
"AUS","CPIFORECAST","TOT","AGRWTH","A","2014",2.5126842232,
"AUS","CPIFORECAST","TOT","AGRWTH","A","2015",1.4847984916,
"AUS","CPIFORECAST","TOT","AGRWTH","A","2016",1.2772875058,
"AUS","CPIFORECAST","TOT","AGRWTH","A","2017",1.972024765,
"AUS","CPIFORECAST","TOT","AGRWTH","A","2018",1.9647521451,
"AUS","CPIFORECAST","TOT","AGRWTH","A","2019",2.1249403831,
"AUS","CPIFORECAST","TOT","AGRWTH","A","2020",2.4220815134,
"CAN","CPIFORECAST","TOT","AGRWTH","A","1993",1.8654494939,
"CAN","CPIFORECAST","TOT","AGRWTH","A","1994",0.1363724917,
"CAN","CPIFORECAST","TOT","AGRWTH","A","1995",2.1887159533,
"CAN","CPIFORECAST","TOT","AGRWTH","A","1996",1.5801999048,
"CAN","CPIFORECAST","TOT","AGRWTH","A","1997",1.6118451879,
"CAN","CPIFORECAST","TOT","AGRWTH","A","1998",0.986811768,
"CAN","CPIFORECAST","TOT","AGRWTH","A","1999",1.7442922374,
"CAN","CPIFORECAST","TOT","AGRWTH","A","2000",2.7376357598,
"CAN","CPIFORECAST","TOT","AGRWTH","A","2001",2.5074261751,
"CAN","CPIFORECAST","TOT","AGRWTH","A","2002",2.2756328305,
"CAN","CPIFORECAST","TOT","AGRWTH","A","2003",2.7416666667,
"CAN","CPIFORECAST","TOT","AGRWTH","A","2004",1.8411874442,
"CAN","CPIFORECAST","TOT","AGRWTH","A","2005",2.2300095572,
"CAN","CPIFORECAST","TOT","AGRWTH","A","2006",2.0177625428,
"CAN","CPIFORECAST","TOT","AGRWTH","A","2007",2.1305841924,
"CAN","CPIFORECAST","TOT","AGRWTH","A","2008",2.3852250636,
"CAN","CPIFORECAST","TOT","AGRWTH","A","2009",0.2994230629,
"CAN","CPIFORECAST","TOT","AGRWTH","A","2010",1.7693315858,
"CAN","CPIFORECAST","TOT","AGRWTH","A","2011",2.8904629033,
"CAN","CPIFORECAST","TOT","AGRWTH","A","2012",1.529796259,
"CAN","CPIFORECAST","TOT","AGRWTH","A","2013",0.9245942059,
"CAN","CPIFORECAST","TOT","AGRWTH","A","2014",1.9204668838,
"CAN","CPIFORECAST","TOT","AGRWTH","A","2015",1.118583128,
"CAN","CPIFORECAST","TOT","AGRWTH","A","2016",1.4222690459,
"CAN","CPIFORECAST","TOT","AGRWTH","A","2017",1.6100759592,
"CAN","CPIFORECAST","TOT","AGRWTH","A","2018",2.3195308847,
"CAN","CPIFORECAST","TOT","AGRWTH","A","2019",2.0854478582,
"CAN","CPIFORECAST","TOT","AGRWTH","A","2020",2.0948054166,
"CZE","CPIFORECAST","TOT","AGRWTH","A","1994",10.039424223,
"CZE","CPIFORECAST","TOT","AGRWTH","A","1995",8.9905305637,
"CZE","CPIFORECAST","TOT","AGRWTH","A","1996",8.7587747288,
"CZE","CPIFORECAST","TOT","AGRWTH","A","1997",8.5961566672,
"CZE","CPIFORECAST","TOT","AGRWTH","A","1998",10.6983655275,
"CZE","CPIFORECAST","TOT","AGRWTH","A","1999",2.1354484442,
"CZE","CPIFORECAST","TOT","AGRWTH","A","2000",3.7753882915,
"CZE","CPIFORECAST","TOT","AGRWTH","A","2001",4.6626755699,
"CZE","CPIFORECAST","TOT","AGRWTH","A","2002",1.9029809702,
"CZE","CPIFORECAST","TOT","AGRWTH","A","2003",0.1187392055,
"CZE","CPIFORECAST","TOT","AGRWTH","A","2004",2.7601078167,
"CZE","CPIFORECAST","TOT","AGRWTH","A","2005",1.8570978911,
"CZE","CPIFORECAST","TOT","AGRWTH","A","2006",2.5339925834,
"CZE","CPIFORECAST","TOT","AGRWTH","A","2007",2.8531243721,
"CZE","CPIFORECAST","TOT","AGRWTH","A","2008",6.3586638015,
"CZE","CPIFORECAST","TOT","AGRWTH","A","2009",1.0193773533,
"CZE","CPIFORECAST","TOT","AGRWTH","A","2010",1.4727272727,
"CZE","CPIFORECAST","TOT","AGRWTH","A","2011",1.9172191364,
"CZE","CPIFORECAST","TOT","AGRWTH","A","2012",3.2876230661,
"CZE","CPIFORECAST","TOT","AGRWTH","A","2013",1.4382978723,
"CZE","CPIFORECAST","TOT","AGRWTH","A","2014",0.3439885896,
"CZE","CPIFORECAST","TOT","AGRWTH","A","2015",0.3093645485,
"CZE","CPIFORECAST","TOT","AGRWTH","A","2016",0.6835042094,
"CZE","CPIFORECAST","TOT","AGRWTH","A","2017",2.4505339833,
"CZE","CPIFORECAST","TOT","AGRWTH","A","2018",2.2144640286,
"CZE","CPIFORECAST","TOT","AGRWTH","A","2019",2.4221202359,
"CZE","CPIFORECAST","TOT","AGRWTH","A","2020",2.2255487801,
"DNK","CPIFORECAST","TOT","AGRWTH","A","1968",8.0051866521,
"DNK","CPIFORECAST","TOT","AGRWTH","A","1969",3.4879312524,
"DNK","CPIFORECAST","TOT","AGRWTH","A","1970",6.5148369764,
"DNK","CPIFORECAST","TOT","AGRWTH","A","1971",5.8698767555,
"DNK","CPIFORECAST","TOT","AGRWTH","A","1972",6.5623477178,
"DNK","CPIFORECAST","TOT","AGRWTH","A","1973",9.3033890554,
"DNK","CPIFORECAST","TOT","AGRWTH","A","1974",15.2751952399,
"DNK","CPIFORECAST","TOT","AGRWTH","A","1975",9.6056133559,
"DNK","CPIFORECAST","TOT","AGRWTH","A","1976",9.0103016924,
"DNK","CPIFORECAST","TOT","AGRWTH","A","1977",10.9222383476,
"DNK","CPIFORECAST","TOT","AGRWTH","A","1978",10.2136457615,
"DNK","CPIFORECAST","TOT","AGRWTH","A","1979",9.6110555278,
"DNK","CPIFORECAST","TOT","AGRWTH","A","1980",12.3053226082,
"DNK","CPIFORECAST","TOT","AGRWTH","A","1981",11.7673879915,
"DNK","CPIFORECAST","TOT","AGRWTH","A","1982",10.120823389,
"DNK","CPIFORECAST","TOT","AGRWTH","A","1983",6.9082289197,
"DNK","CPIFORECAST","TOT","AGRWTH","A","1984",6.2907823883,
"DNK","CPIFORECAST","TOT","AGRWTH","A","1985",4.6787459769,
"DNK","CPIFORECAST","TOT","AGRWTH","A","1986",3.6781870979,
"DNK","CPIFORECAST","TOT","AGRWTH","A","1987",4.0199901148,
"DNK","CPIFORECAST","TOT","AGRWTH","A","1988",4.5351354205,
"DNK","CPIFORECAST","TOT","AGRWTH","A","1989",4.7727272727,
"DNK","CPIFORECAST","TOT","AGRWTH","A","1990",2.6416003856,
"DNK","CPIFORECAST","TOT","AGRWTH","A","1991",2.3951533368,
"DNK","CPIFORECAST","TOT","AGRWTH","A","1992",2.0960418291,
"DNK","CPIFORECAST","TOT","AGRWTH","A","1993",1.2578616352,
"DNK","CPIFORECAST","TOT","AGRWTH","A","1994",1.992014197,
"DNK","CPIFORECAST","TOT","AGRWTH","A","1995",2.0836052025,
"DNK","CPIFORECAST","TOT","AGRWTH","A","1996",2.1262996421,
"DNK","CPIFORECAST","TOT","AGRWTH","A","1997",2.1821671465,
"DNK","CPIFORECAST","TOT","AGRWTH","A","1998",1.8456512862,
"DNK","CPIFORECAST","TOT","AGRWTH","A","1999",2.4977948841,
"DNK","CPIFORECAST","TOT","AGRWTH","A","2000",2.9032770874,
"DNK","CPIFORECAST","TOT","AGRWTH","A","2001",2.337874837,
"DNK","CPIFORECAST","TOT","AGRWTH","A","2002",2.4244366122,
"DNK","CPIFORECAST","TOT","AGRWTH","A","2003",2.0750782065,
"DNK","CPIFORECAST","TOT","AGRWTH","A","2004",1.1543569312,
"DNK","CPIFORECAST","TOT","AGRWTH","A","2005",1.8178145829,
"DNK","CPIFORECAST","TOT","AGRWTH","A","2006",1.9242213846,
"DNK","CPIFORECAST","TOT","AGRWTH","A","2007",1.6932658622,
"DNK","CPIFORECAST","TOT","AGRWTH","A","2008",3.4162679426,
"DNK","CPIFORECAST","TOT","AGRWTH","A","2009",1.3047099102,
"DNK","CPIFORECAST","TOT","AGRWTH","A","2010",2.3109243697,
"DNK","CPIFORECAST","TOT","AGRWTH","A","2011",2.7586822605,
"DNK","CPIFORECAST","TOT","AGRWTH","A","2012",2.3979148566,
"DNK","CPIFORECAST","TOT","AGRWTH","A","2013",0.7890717801,
"DNK","CPIFORECAST","TOT","AGRWTH","A","2014",0.5640205404,
"DNK","CPIFORECAST","TOT","AGRWTH","A","2015",0.4520341537,
"DNK","CPIFORECAST","TOT","AGRWTH","A","2016",0.25,
"DNK","CPIFORECAST","TOT","AGRWTH","A","2017",1.1471321686,
"DNK","CPIFORECAST","TOT","AGRWTH","A","2018",0.9420624685,
"DNK","CPIFORECAST","TOT","AGRWTH","A","2019",1.8132906679,
"DNK","CPIFORECAST","TOT","AGRWTH","A","2020",1.953317016,
"HUN","CPIFORECAST","TOT","AGRWTH","A","1981",4.6614100144,
"HUN","CPIFORECAST","TOT","AGRWTH","A","1982",6.8358076667,
"HUN","CPIFORECAST","TOT","AGRWTH","A","1983",7.2798921497,
"HUN","CPIFORECAST","TOT","AGRWTH","A","1984",8.467858869,
"HUN","CPIFORECAST","TOT","AGRWTH","A","1985",6.9423402549,
"HUN","CPIFORECAST","TOT","AGRWTH","A","1986",5.2916666667,
"HUN","CPIFORECAST","TOT","AGRWTH","A","1987",8.6743173724,
"HUN","CPIFORECAST","TOT","AGRWTH","A","1988",15.7235452625,
"HUN","CPIFORECAST","TOT","AGRWTH","A","1989",17.1491504091,
"HUN","CPIFORECAST","TOT","AGRWTH","A","1990",28.3695944131,
"HUN","CPIFORECAST","TOT","AGRWTH","A","1991",34.817542685,
"HUN","CPIFORECAST","TOT","AGRWTH","A","1992",23.6557171996,
"HUN","CPIFORECAST","TOT","AGRWTH","A","1993",22.4642409034,
"HUN","CPIFORECAST","TOT","AGRWTH","A","1994",18.8680791771,
"HUN","CPIFORECAST","TOT","AGRWTH","A","1995",28.3054645751,
"HUN","CPIFORECAST","TOT","AGRWTH","A","1996",23.4690313046,
"HUN","CPIFORECAST","TOT","AGRWTH","A","1997",18.3050773684,
"HUN","CPIFORECAST","TOT","AGRWTH","A","1998",14.1537895511,
"HUN","CPIFORECAST","TOT","AGRWTH","A","1999",9.9977439005,
"HUN","CPIFORECAST","TOT","AGRWTH","A","2000",9.8036078508,
"HUN","CPIFORECAST","TOT","AGRWTH","A","2001",9.1168091168,
"HUN","CPIFORECAST","TOT","AGRWTH","A","2002",5.2654482158,
"HUN","CPIFORECAST","TOT","AGRWTH","A","2003",4.6610169492,
"HUN","CPIFORECAST","TOT","AGRWTH","A","2004",6.7443467957,
"HUN","CPIFORECAST","TOT","AGRWTH","A","2005",3.5615171138,
"HUN","CPIFORECAST","TOT","AGRWTH","A","2006",3.9303260384,
"HUN","CPIFORECAST","TOT","AGRWTH","A","2007",7.9587451654,
"HUN","CPIFORECAST","TOT","AGRWTH","A","2008",6.0425125388,
"HUN","CPIFORECAST","TOT","AGRWTH","A","2009",4.2117117117,
"HUN","CPIFORECAST","TOT","AGRWTH","A","2010",4.8555579569,
"HUN","CPIFORECAST","TOT","AGRWTH","A","2011",3.9299209894,
"HUN","CPIFORECAST","TOT","AGRWTH","A","2012",5.6521451709,
"HUN","CPIFORECAST","TOT","AGRWTH","A","2013",1.7331998498,
"HUN","CPIFORECAST","TOT","AGRWTH","A","2014",-0.227566271,
"HUN","CPIFORECAST","TOT","AGRWTH","A","2015",-0.0616446801,
"HUN","CPIFORECAST","TOT","AGRWTH","A","2016",0.3947693067,
"HUN","CPIFORECAST","TOT","AGRWTH","A","2017",2.3482428101,
"HUN","CPIFORECAST","TOT","AGRWTH","A","2018",2.9623415002,
"HUN","CPIFORECAST","TOT","AGRWTH","A","2019",3.9897213258,
"HUN","CPIFORECAST","TOT","AGRWTH","A","2020",3.9876480638,
"ISL","CPIFORECAST","TOT","AGRWTH","A","1961",4.7116165719,
"ISL","CPIFORECAST","TOT","AGRWTH","A","1962",11.016291699,
"ISL","CPIFORECAST","TOT","AGRWTH","A","1963",12.928022362,
"ISL","CPIFORECAST","TOT","AGRWTH","A","1964",19.245049505,
"ISL","CPIFORECAST","TOT","AGRWTH","A","1965",7.3170731707,
"ISL","CPIFORECAST","TOT","AGRWTH","A","1966",10.6866537718,
"ISL","CPIFORECAST","TOT","AGRWTH","A","1967",3.3202271734,
"ISL","CPIFORECAST","TOT","AGRWTH","A","1968",13.9504016913,
"ISL","CPIFORECAST","TOT","AGRWTH","A","1969",21.124497992,
"ISL","CPIFORECAST","TOT","AGRWTH","A","1970",13.8594164456,
"ISL","CPIFORECAST","TOT","AGRWTH","A","1971",7.862550961,
"ISL","CPIFORECAST","TOT","AGRWTH","A","1972",8.747300216,
"ISL","CPIFORECAST","TOT","AGRWTH","A","1973",19.6623634558,
"ISL","CPIFORECAST","TOT","AGRWTH","A","1974",40.8298755187,
"ISL","CPIFORECAST","TOT","AGRWTH","A","1975",50.1178550383,
"ISL","CPIFORECAST","TOT","AGRWTH","A","1976",36.0917566241,
"ISL","CPIFORECAST","TOT","AGRWTH","A","1977",30.3167420814,
"ISL","CPIFORECAST","TOT","AGRWTH","A","1978",43.75,
"ISL","CPIFORECAST","TOT","AGRWTH","A","1979",44.4444444444,
"ISL","CPIFORECAST","TOT","AGRWTH","A","1980",58.5284280936,
"ISL","CPIFORECAST","TOT","AGRWTH","A","1981",51.7932489451,
"ISL","CPIFORECAST","TOT","AGRWTH","A","1982",50.2432244614,
"ISL","CPIFORECAST","TOT","AGRWTH","A","1983",83.9500462535,
"ISL","CPIFORECAST","TOT","AGRWTH","A","1984",30.8524013075,
"ISL","CPIFORECAST","TOT","AGRWTH","A","1985",31.9946195234,
"ISL","CPIFORECAST","TOT","AGRWTH","A","1986",22.1284029699,
"ISL","CPIFORECAST","TOT","AGRWTH","A","1987",18.2977708905,
"ISL","CPIFORECAST","TOT","AGRWTH","A","1988",25.7255139057,
"ISL","CPIFORECAST","TOT","AGRWTH","A","1989",20.7581950789,
"ISL","CPIFORECAST","TOT","AGRWTH","A","1990",15.5107187894,
"ISL","CPIFORECAST","TOT","AGRWTH","A","1991",6.8087795909,
"ISL","CPIFORECAST","TOT","AGRWTH","A","1992",3.9477121814,
"ISL","CPIFORECAST","TOT","AGRWTH","A","1993",4.0428501684,
"ISL","CPIFORECAST","TOT","AGRWTH","A","1994",1.552657262,
"ISL","CPIFORECAST","TOT","AGRWTH","A","1995",1.6512318714,
"ISL","CPIFORECAST","TOT","AGRWTH","A","1996",2.2604211431,
"ISL","CPIFORECAST","TOT","AGRWTH","A","1997",1.8154311649,
"ISL","CPIFORECAST","TOT","AGRWTH","A","1998",1.6592372462,
"ISL","CPIFORECAST","TOT","AGRWTH","A","1999",3.2318311003,
"ISL","CPIFORECAST","TOT","AGRWTH","A","2000",5.1364744749,
"ISL","CPIFORECAST","TOT","AGRWTH","A","2001",6.4050855679,
"ISL","CPIFORECAST","TOT","AGRWTH","A","2002",5.1970231175,
"ISL","CPIFORECAST","TOT","AGRWTH","A","2003",2.0556617472,
"ISL","CPIFORECAST","TOT","AGRWTH","A","2004",3.1581953685,
"ISL","CPIFORECAST","TOT","AGRWTH","A","2005",3.9870484414,
"ISL","CPIFORECAST","TOT","AGRWTH","A","2006",6.6870737041,
"ISL","CPIFORECAST","TOT","AGRWTH","A","2007",5.0515638416,
"ISL","CPIFORECAST","TOT","AGRWTH","A","2008",12.6944019296,
"ISL","CPIFORECAST","TOT","AGRWTH","A","2009",12.0031170503,
"ISL","CPIFORECAST","TOT","AGRWTH","A","2010",5.3967316377,
"ISL","CPIFORECAST","TOT","AGRWTH","A","2011",4.0010261659,
"ISL","CPIFORECAST","TOT","AGRWTH","A","2012",5.1859003836,
"ISL","CPIFORECAST","TOT","AGRWTH","A","2013",3.8722751256,
"ISL","CPIFORECAST","TOT","AGRWTH","A","2014",2.0446189508,
"ISL","CPIFORECAST","TOT","AGRWTH","A","2015",1.6330584821,
"ISL","CPIFORECAST","TOT","AGRWTH","A","2016",1.6969302393,
"ISL","CPIFORECAST","TOT","AGRWTH","A","2017",1.7604127905,
"ISL","CPIFORECAST","TOT","AGRWTH","A","2018",2.5928903228,
"ISL","CPIFORECAST","TOT","AGRWTH","A","2019",3.8845646673,
"ISL","CPIFORECAST","TOT","AGRWTH","A","2020",3.5476775599,
"JPN","CPIFORECAST","TOT","AGRWTH","A","1961",5.3684561519,
"JPN","CPIFORECAST","TOT","AGRWTH","A","1962",6.835443038,
"JPN","CPIFORECAST","TOT","AGRWTH","A","1963",6.7069033338,
"JPN","CPIFORECAST","TOT","AGRWTH","A","1964",3.8003874181,
"JPN","CPIFORECAST","TOT","AGRWTH","A","1965",6.6560028435,
"JPN","CPIFORECAST","TOT","AGRWTH","A","1966",5.0408265285,
"JPN","CPIFORECAST","TOT","AGRWTH","A","1967",3.9898469104,
"JPN","CPIFORECAST","TOT","AGRWTH","A","1968",5.3394355454,
"JPN","CPIFORECAST","TOT","AGRWTH","A","1969",5.2498189718,
"JPN","CPIFORECAST","TOT","AGRWTH","A","1970",6.9241731786,
"JPN","CPIFORECAST","TOT","AGRWTH","A","1971",6.3953488372,
"JPN","CPIFORECAST","TOT","AGRWTH","A","1972",4.8435171386,
"JPN","CPIFORECAST","TOT","AGRWTH","A","1973",11.6086235489,
"JPN","CPIFORECAST","TOT","AGRWTH","A","1974",23.2222458077,
"JPN","CPIFORECAST","TOT","AGRWTH","A","1975",11.7312661499,
"JPN","CPIFORECAST","TOT","AGRWTH","A","1976",9.3740363861,
"JPN","CPIFORECAST","TOT","AGRWTH","A","1977",8.161826896,
"JPN","CPIFORECAST","TOT","AGRWTH","A","1978",4.2095660107,
"JPN","CPIFORECAST","TOT","AGRWTH","A","1979",3.7018509255,
"JPN","CPIFORECAST","TOT","AGRWTH","A","1980",7.7785817656,
"JPN","CPIFORECAST","TOT","AGRWTH","A","1981",4.9121629182,
"JPN","CPIFORECAST","TOT","AGRWTH","A","1982",2.7410409556,
"JPN","CPIFORECAST","TOT","AGRWTH","A","1983",1.8997197135,
"JPN","CPIFORECAST","TOT","AGRWTH","A","1984",2.2616136919,
"JPN","CPIFORECAST","TOT","AGRWTH","A","1985",3.0727213356,
"JPN","CPIFORECAST","TOT","AGRWTH","A","1986",0.132275028,
"JPN","CPIFORECAST","TOT","AGRWTH","A","1987",0.0529661017,
"JPN","CPIFORECAST","TOT","AGRWTH","A","1988",0.7146638433,
"JPN","CPIFORECAST","TOT","AGRWTH","A","1989",2.2514235655,
"JPN","CPIFORECAST","TOT","AGRWTH","A","1990",2.8187114462,
"JPN","CPIFORECAST","TOT","AGRWTH","A","1991",3.2580618282,
"JPN","CPIFORECAST","TOT","AGRWTH","A","1992",1.7349903163,
"JPN","CPIFORECAST","TOT","AGRWTH","A","1993",1.261204093,
"JPN","CPIFORECAST","TOT","AGRWTH","A","1994",0.6971643428,
"JPN","CPIFORECAST","TOT","AGRWTH","A","1995",-0.1159120771,
"JPN","CPIFORECAST","TOT","AGRWTH","A","1996",0.0172681981,
"JPN","CPIFORECAST","TOT","AGRWTH","A","1997",1.6944865959,
"JPN","CPIFORECAST","TOT","AGRWTH","A","1998",0.6714747575,
"JPN","CPIFORECAST","TOT","AGRWTH","A","1999",-0.3458498024,
"JPN","CPIFORECAST","TOT","AGRWTH","A","2000",-0.5409274089,
"JPN","CPIFORECAST","TOT","AGRWTH","A","2001",-0.8040935673,
"JPN","CPIFORECAST","TOT","AGRWTH","A","2002",-0.8924916073,
"JPN","CPIFORECAST","TOT","AGRWTH","A","2003",-0.2643754131,
"JPN","CPIFORECAST","TOT","AGRWTH","A","2004",-0.0165672631,
"JPN","CPIFORECAST","TOT","AGRWTH","A","2005",-0.5622613536,
"JPN","CPIFORECAST","TOT","AGRWTH","A","2006",0.2323651452,
"JPN","CPIFORECAST","TOT","AGRWTH","A","2007",0.0745156483,
"JPN","CPIFORECAST","TOT","AGRWTH","A","2008",1.3816497063,
"JPN","CPIFORECAST","TOT","AGRWTH","A","2009",-1.3628203036,
"JPN","CPIFORECAST","TOT","AGRWTH","A","2010",-0.6144160074,
"JPN","CPIFORECAST","TOT","AGRWTH","A","2011",-0.2849248834,
"JPN","CPIFORECAST","TOT","AGRWTH","A","2012",-0.025976275,
"JPN","CPIFORECAST","TOT","AGRWTH","A","2013",0.3464403257,
"JPN","CPIFORECAST","TOT","AGRWTH","A","2014",2.753322976,
"JPN","CPIFORECAST","TOT","AGRWTH","A","2015",0.8063838723,
"JPN","CPIFORECAST","TOT","AGRWTH","A","2016",-0.1249895842,
"JPN","CPIFORECAST","TOT","AGRWTH","A","2017",0.4755548139,
"JPN","CPIFORECAST","TOT","AGRWTH","A","2018",1.024158667,
"JPN","CPIFORECAST","TOT","AGRWTH","A","2019",1.3527267828,
"JPN","CPIFORECAST","TOT","AGRWTH","A","2020",1.9032428192,
"KOR","CPIFORECAST","TOT","AGRWTH","A","1961",8.195643995,
"KOR","CPIFORECAST","TOT","AGRWTH","A","1962",6.6183123418,
"KOR","CPIFORECAST","TOT","AGRWTH","A","1963",20.6916417856,
"KOR","CPIFORECAST","TOT","AGRWTH","A","1964",29.4628232388,
"KOR","CPIFORECAST","TOT","AGRWTH","A","1965",13.5481957299,
"KOR","CPIFORECAST","TOT","AGRWTH","A","1966",11.2613883738,
"KOR","CPIFORECAST","TOT","AGRWTH","A","1967",10.8824435225,
"KOR","CPIFORECAST","TOT","AGRWTH","A","1968",10.7718197562,
"KOR","CPIFORECAST","TOT","AGRWTH","A","1969",12.3895632679,
"KOR","CPIFORECAST","TOT","AGRWTH","A","1970",15.9503405557,
"KOR","CPIFORECAST","TOT","AGRWTH","A","1971",13.5117087139,
"KOR","CPIFORECAST","TOT","AGRWTH","A","1972",11.6889850535,
"KOR","CPIFORECAST","TOT","AGRWTH","A","1973",3.2210259432,
"KOR","CPIFORECAST","TOT","AGRWTH","A","1974",24.304198163,
"KOR","CPIFORECAST","TOT","AGRWTH","A","1975",25.2492642096,
"KOR","CPIFORECAST","TOT","AGRWTH","A","1976",15.3273115126,
"KOR","CPIFORECAST","TOT","AGRWTH","A","1977",10.0966749035,
"KOR","CPIFORECAST","TOT","AGRWTH","A","1978",14.4602824592,
"KOR","CPIFORECAST","TOT","AGRWTH","A","1979",18.3234906255,
"KOR","CPIFORECAST","TOT","AGRWTH","A","1980",28.6976016954,
"KOR","CPIFORECAST","TOT","AGRWTH","A","1981",21.3516539236,
"KOR","CPIFORECAST","TOT","AGRWTH","A","1982",7.190845758,
"KOR","CPIFORECAST","TOT","AGRWTH","A","1983",3.4206077821,
"KOR","CPIFORECAST","TOT","AGRWTH","A","1984",2.2739570622,
"KOR","CPIFORECAST","TOT","AGRWTH","A","1985",2.4591106043,
"KOR","CPIFORECAST","TOT","AGRWTH","A","1986",2.7499804132,
"KOR","CPIFORECAST","TOT","AGRWTH","A","1987",3.049659647,
"KOR","CPIFORECAST","TOT","AGRWTH","A","1988",7.146100369,
"KOR","CPIFORECAST","TOT","AGRWTH","A","1989",5.7001600904,
"KOR","CPIFORECAST","TOT","AGRWTH","A","1990",8.5735989545,
"KOR","CPIFORECAST","TOT","AGRWTH","A","1991",9.3333607248,
"KOR","CPIFORECAST","TOT","AGRWTH","A","1992",6.2126786446,
"KOR","CPIFORECAST","TOT","AGRWTH","A","1993",4.8011024898,
"KOR","CPIFORECAST","TOT","AGRWTH","A","1994",6.265814772,
"KOR","CPIFORECAST","TOT","AGRWTH","A","1995",4.4806869953,
"KOR","CPIFORECAST","TOT","AGRWTH","A","1996",4.9248096866,
"KOR","CPIFORECAST","TOT","AGRWTH","A","1997",4.4390637611,
"KOR","CPIFORECAST","TOT","AGRWTH","A","1998",7.5133401225,
"KOR","CPIFORECAST","TOT","AGRWTH","A","1999",0.8129965893,
"KOR","CPIFORECAST","TOT","AGRWTH","A","2000",2.2591847785,
"KOR","CPIFORECAST","TOT","AGRWTH","A","2001",4.066419648,
"KOR","CPIFORECAST","TOT","AGRWTH","A","2002",2.7625113521,
"KOR","CPIFORECAST","TOT","AGRWTH","A","2003",3.5148792419,
"KOR","CPIFORECAST","TOT","AGRWTH","A","2004",3.5905913909,
"KOR","CPIFORECAST","TOT","AGRWTH","A","2005",2.7540902005,
"KOR","CPIFORECAST","TOT","AGRWTH","A","2006",2.2418471044,
"KOR","CPIFORECAST","TOT","AGRWTH","A","2007",2.5348468712,
"KOR","CPIFORECAST","TOT","AGRWTH","A","2008",4.6737959569,
"KOR","CPIFORECAST","TOT","AGRWTH","A","2009",2.7566864774,
"KOR","CPIFORECAST","TOT","AGRWTH","A","2010",2.9391813593,
"KOR","CPIFORECAST","TOT","AGRWTH","A","2011",4.0258462496,
"KOR","CPIFORECAST","TOT","AGRWTH","A","2012",2.1872212085,
"KOR","CPIFORECAST","TOT","AGRWTH","A","2013",1.3013770575,
"KOR","CPIFORECAST","TOT","AGRWTH","A","2014",1.2747147021,
"KOR","CPIFORECAST","TOT","AGRWTH","A","2015",0.7062081699,
"KOR","CPIFORECAST","TOT","AGRWTH","A","2016",0.971674764,
"KOR","CPIFORECAST","TOT","AGRWTH","A","2017",1.9444559074,
"KOR","CPIFORECAST","TOT","AGRWTH","A","2018",1.5779268136,
"KOR","CPIFORECAST","TOT","AGRWTH","A","2019",1.9016077495,
"KOR","CPIFORECAST","TOT","AGRWTH","A","2020",1.8626317201,
"MEX","CPIFORECAST","TOT","AGRWTH","A","1970",5.0033976336,
"MEX","CPIFORECAST","TOT","AGRWTH","A","1971",5.4690205877,
"MEX","CPIFORECAST","TOT","AGRWTH","A","1972",4.9436879923,
"MEX","CPIFORECAST","TOT","AGRWTH","A","1973",12.0819432356,
"MEX","CPIFORECAST","TOT","AGRWTH","A","1974",23.7840253088,
"MEX","CPIFORECAST","TOT","AGRWTH","A","1975",14.9445272821,
"MEX","CPIFORECAST","TOT","AGRWTH","A","1976",15.824720383,
"MEX","CPIFORECAST","TOT","AGRWTH","A","1977",29.0641259005,
"MEX","CPIFORECAST","TOT","AGRWTH","A","1978",17.4572957292,
"MEX","CPIFORECAST","TOT","AGRWTH","A","1979",18.1912500884,
"MEX","CPIFORECAST","TOT","AGRWTH","A","1980",26.3516468494,
"MEX","CPIFORECAST","TOT","AGRWTH","A","1981",27.9337612085,
"MEX","CPIFORECAST","TOT","AGRWTH","A","1982",58.9134272541,
"MEX","CPIFORECAST","TOT","AGRWTH","A","1983",101.8749289238,
"MEX","CPIFORECAST","TOT","AGRWTH","A","1984",65.4488118643,
"MEX","CPIFORECAST","TOT","AGRWTH","A","1985",57.7484459539,
"MEX","CPIFORECAST","TOT","AGRWTH","A","1986",86.2333088442,
"MEX","CPIFORECAST","TOT","AGRWTH","A","1987",131.8273975222,
"MEX","CPIFORECAST","TOT","AGRWTH","A","1988",114.1622483571,
"MEX","CPIFORECAST","TOT","AGRWTH","A","1989",20.0078784763,
"MEX","CPIFORECAST","TOT","AGRWTH","A","1990",26.6516736234,
"MEX","CPIFORECAST","TOT","AGRWTH","A","1991",22.662365272,
"MEX","CPIFORECAST","TOT","AGRWTH","A","1992",15.5078988752,
"MEX","CPIFORECAST","TOT","AGRWTH","A","1993",9.7514603709,
"MEX","CPIFORECAST","TOT","AGRWTH","A","1994",6.9658132528,
"MEX","CPIFORECAST","TOT","AGRWTH","A","1995",34.9992633138,
"MEX","CPIFORECAST","TOT","AGRWTH","A","1996",34.3783842689,
"MEX","CPIFORECAST","TOT","AGRWTH","A","1997",20.6256276084,
"MEX","CPIFORECAST","TOT","AGRWTH","A","1998",15.9283923607,
"MEX","CPIFORECAST","TOT","AGRWTH","A","1999",16.5856192084,
"MEX","CPIFORECAST","TOT","AGRWTH","A","2000",9.491559925,
"MEX","CPIFORECAST","TOT","AGRWTH","A","2001",6.3677366876,
"MEX","CPIFORECAST","TOT","AGRWTH","A","2002",5.030732531,
"MEX","CPIFORECAST","TOT","AGRWTH","A","2003",4.5468979454,
"MEX","CPIFORECAST","TOT","AGRWTH","A","2004",4.6884071461,
"MEX","CPIFORECAST","TOT","AGRWTH","A","2005",3.9880607338,
"MEX","CPIFORECAST","TOT","AGRWTH","A","2006",3.6294632273,
"MEX","CPIFORECAST","TOT","AGRWTH","A","2007",3.9668496275,
"MEX","CPIFORECAST","TOT","AGRWTH","A","2008",5.1249816919,
"MEX","CPIFORECAST","TOT","AGRWTH","A","2009",5.2973571266,
"MEX","CPIFORECAST","TOT","AGRWTH","A","2010",4.1567278377,
"MEX","CPIFORECAST","TOT","AGRWTH","A","2011",3.407379617,
"MEX","CPIFORECAST","TOT","AGRWTH","A","2012",4.1115085466,
"MEX","CPIFORECAST","TOT","AGRWTH","A","2013",3.8063898234,
"MEX","CPIFORECAST","TOT","AGRWTH","A","2014",4.0186172005,
"MEX","CPIFORECAST","TOT","AGRWTH","A","2015",2.7206412646,
"MEX","CPIFORECAST","TOT","AGRWTH","A","2016",2.82170775,
"MEX","CPIFORECAST","TOT","AGRWTH","A","2017",6.041455824,
"MEX","CPIFORECAST","TOT","AGRWTH","A","2018",4.8512645729,
"MEX","CPIFORECAST","TOT","AGRWTH","A","2019",4.1669682515,
"MEX","CPIFORECAST","TOT","AGRWTH","A","2020",3.4483169666,
"NZL","CPIFORECAST","TOT","AGRWTH","A","1961",1.7977048228,
"NZL","CPIFORECAST","TOT","AGRWTH","A","1962",2.680850669,
"NZL","CPIFORECAST","TOT","AGRWTH","A","1963",1.9685038225,
"NZL","CPIFORECAST","TOT","AGRWTH","A","1964",3.4749037952,
"NZL","CPIFORECAST","TOT","AGRWTH","A","1965",3.3974866816,
"NZL","CPIFORECAST","TOT","AGRWTH","A","1966",2.7554793483,
"NZL","CPIFORECAST","TOT","AGRWTH","A","1967",6.0569202055,
"NZL","CPIFORECAST","TOT","AGRWTH","A","1968",4.3119268401,
"NZL","CPIFORECAST","TOT","AGRWTH","A","1969",4.9252420217,
"NZL","CPIFORECAST","TOT","AGRWTH","A","1970",6.5171835422,
"NZL","CPIFORECAST","TOT","AGRWTH","A","1971",10.3875658718,
"NZL","CPIFORECAST","TOT","AGRWTH","A","1972",6.9328108596,
"NZL","CPIFORECAST","TOT","AGRWTH","A","1973",8.166666266,
"NZL","CPIFORECAST","TOT","AGRWTH","A","1974",11.1093990581,
"NZL","CPIFORECAST","TOT","AGRWTH","A","1975",14.6849536677,
"NZL","CPIFORECAST","TOT","AGRWTH","A","1976",16.9068862957,
"NZL","CPIFORECAST","TOT","AGRWTH","A","1977",14.3835618251,
"NZL","CPIFORECAST","TOT","AGRWTH","A","1978",11.9565952563,
"NZL","CPIFORECAST","TOT","AGRWTH","A","1979",13.6995994497,
"NZL","CPIFORECAST","TOT","AGRWTH","A","1980",17.1505596655,
"NZL","CPIFORECAST","TOT","AGRWTH","A","1981",15.370154167,
"NZL","CPIFORECAST","TOT","AGRWTH","A","1982",16.1636944154,
"NZL","CPIFORECAST","TOT","AGRWTH","A","1983",7.3410746493,
"NZL","CPIFORECAST","TOT","AGRWTH","A","1984",6.1712504656,
"NZL","CPIFORECAST","TOT","AGRWTH","A","1985",15.417661038,
"NZL","CPIFORECAST","TOT","AGRWTH","A","1986",13.2133995688,
"NZL","CPIFORECAST","TOT","AGRWTH","A","1987",15.7442922364,
"NZL","CPIFORECAST","TOT","AGRWTH","A","1988",6.375256387,
"NZL","CPIFORECAST","TOT","AGRWTH","A","1989",5.7159916648,
"NZL","CPIFORECAST","TOT","AGRWTH","A","1990",6.0984393911,
"NZL","CPIFORECAST","TOT","AGRWTH","A","1991",2.6023987604,
"NZL","CPIFORECAST","TOT","AGRWTH","A","1992",1.0145567017,
"NZL","CPIFORECAST","TOT","AGRWTH","A","1993",1.2882095761,
"NZL","CPIFORECAST","TOT","AGRWTH","A","1994",1.7453761286,
"NZL","CPIFORECAST","TOT","AGRWTH","A","1995",3.7549407792,
"NZL","CPIFORECAST","TOT","AGRWTH","A","1996",2.2857142424,
"NZL","CPIFORECAST","TOT","AGRWTH","A","1997",1.1871508383,
"NZL","CPIFORECAST","TOT","AGRWTH","A","1998",1.2652403742,
"NZL","CPIFORECAST","TOT","AGRWTH","A","1999",-0.1142662888,
"NZL","CPIFORECAST","TOT","AGRWTH","A","2000",2.615232796,
"NZL","CPIFORECAST","TOT","AGRWTH","A","2001",2.6258206004,
"NZL","CPIFORECAST","TOT","AGRWTH","A","2002",2.6770907212,
"NZL","CPIFORECAST","TOT","AGRWTH","A","2003",1.7535763457,
"NZL","CPIFORECAST","TOT","AGRWTH","A","2004",2.2902494233,
"NZL","CPIFORECAST","TOT","AGRWTH","A","2005",3.0370206602,
"NZL","CPIFORECAST","TOT","AGRWTH","A","2006",3.3654044681,
"NZL","CPIFORECAST","TOT","AGRWTH","A","2007",2.3761433366,
"NZL","CPIFORECAST","TOT","AGRWTH","A","2008",3.9589442513,
"NZL","CPIFORECAST","TOT","AGRWTH","A","2009",2.1156558922,
"NZL","CPIFORECAST","TOT","AGRWTH","A","2010",2.3020257677,
"NZL","CPIFORECAST","TOT","AGRWTH","A","2011",4.0279027724,
"NZL","CPIFORECAST","TOT","AGRWTH","A","2012",1.0599178138,
"NZL","CPIFORECAST","TOT","AGRWTH","A","2013",1.1344178,
"NZL","CPIFORECAST","TOT","AGRWTH","A","2014",1.2275132603,
"NZL","CPIFORECAST","TOT","AGRWTH","A","2015",0.292703309,
"NZL","CPIFORECAST","TOT","AGRWTH","A","2016",0.6462372254,
"NZL","CPIFORECAST","TOT","AGRWTH","A","2017",1.8507870711,
"NZL","CPIFORECAST","TOT","AGRWTH","A","2018",1.6500657468,
"NZL","CPIFORECAST","TOT","AGRWTH","A","2019",2.2622357968,
"NZL","CPIFORECAST","TOT","AGRWTH","A","2020",2.2355141757,
"NOR","CPIFORECAST","TOT","AGRWTH","A","1961",2.1583491824,
"NOR","CPIFORECAST","TOT","AGRWTH","A","1962",5.2739690684,
"NOR","CPIFORECAST","TOT","AGRWTH","A","1963",2.4638257214,
"NOR","CPIFORECAST","TOT","AGRWTH","A","1964",5.8617009756,
"NOR","CPIFORECAST","TOT","AGRWTH","A","1965",4.182932257,
"NOR","CPIFORECAST","TOT","AGRWTH","A","1966",3.2583926765,
"NOR","CPIFORECAST","TOT","AGRWTH","A","1967",4.5844598536,
"NOR","CPIFORECAST","TOT","AGRWTH","A","1968",3.4554705506,
"NOR","CPIFORECAST","TOT","AGRWTH","A","1969",2.959908776,
"NOR","CPIFORECAST","TOT","AGRWTH","A","1970",10.6353558407,
"NOR","CPIFORECAST","TOT","AGRWTH","A","1971",6.2191396452,
"NOR","CPIFORECAST","TOT","AGRWTH","A","1972",7.2568122226,
"NOR","CPIFORECAST","TOT","AGRWTH","A","1973",7.417915355,
"NOR","CPIFORECAST","TOT","AGRWTH","A","1974",9.4141108961,
"NOR","CPIFORECAST","TOT","AGRWTH","A","1975",11.6881384969,
"NOR","CPIFORECAST","TOT","AGRWTH","A","1976",9.1628213303,
"NOR","CPIFORECAST","TOT","AGRWTH","A","1977",9.1088746572,
"NOR","CPIFORECAST","TOT","AGRWTH","A","1978",8.167470723,
"NOR","CPIFORECAST","TOT","AGRWTH","A","1979",4.5110146269,
"NOR","CPIFORECAST","TOT","AGRWTH","A","1980",10.8714036724,
"NOR","CPIFORECAST","TOT","AGRWTH","A","1981",13.6331178705,
"NOR","CPIFORECAST","TOT","AGRWTH","A","1982",11.331904941,
"NOR","CPIFORECAST","TOT","AGRWTH","A","1983",8.4604318974,
"NOR","CPIFORECAST","TOT","AGRWTH","A","1984",6.2179796709,
"NOR","CPIFORECAST","TOT","AGRWTH","A","1985",5.7191645738,
"NOR","CPIFORECAST","TOT","AGRWTH","A","1986",7.1590052751,
"NOR","CPIFORECAST","TOT","AGRWTH","A","1987",8.7552742616,
"NOR","CPIFORECAST","TOT","AGRWTH","A","1988",6.6763659877,
"NOR","CPIFORECAST","TOT","AGRWTH","A","1989",4.5612971662,
"NOR","CPIFORECAST","TOT","AGRWTH","A","1990",4.1014492754,
"NOR","CPIFORECAST","TOT","AGRWTH","A","1991",3.4386746485,
"NOR","CPIFORECAST","TOT","AGRWTH","A","1992",2.3418573351,
"NOR","CPIFORECAST","TOT","AGRWTH","A","1993",2.2751183588,
"NOR","CPIFORECAST","TOT","AGRWTH","A","1994",1.4015687283,
"NOR","CPIFORECAST","TOT","AGRWTH","A","1995",2.4600557951,
"NOR","CPIFORECAST","TOT","AGRWTH","A","1996",1.2376237624,
"NOR","CPIFORECAST","TOT","AGRWTH","A","1997",2.5794621027,
"NOR","CPIFORECAST","TOT","AGRWTH","A","1998",2.2643308307,
"NOR","CPIFORECAST","TOT","AGRWTH","A","1999",2.3656916443,
"NOR","CPIFORECAST","TOT","AGRWTH","A","2000",3.0510018215,
"NOR","CPIFORECAST","TOT","AGRWTH","A","2001",3.026955369,
"NOR","CPIFORECAST","TOT","AGRWTH","A","2002",1.2974479949,
"NOR","CPIFORECAST","TOT","AGRWTH","A","2003",2.445220705,
"NOR","CPIFORECAST","TOT","AGRWTH","A","2004",0.4649721017,
"NOR","CPIFORECAST","TOT","AGRWTH","A","2005",1.5221639412,
"NOR","CPIFORECAST","TOT","AGRWTH","A","2006",2.3604498025,
"NOR","CPIFORECAST","TOT","AGRWTH","A","2007",0.7224861441,
"NOR","CPIFORECAST","TOT","AGRWTH","A","2008",3.7732141102,
"NOR","CPIFORECAST","TOT","AGRWTH","A","2009",2.1683552694,
"NOR","CPIFORECAST","TOT","AGRWTH","A","2010",2.4189063948,
"NOR","CPIFORECAST","TOT","AGRWTH","A","2011",1.2849515881,
"NOR","CPIFORECAST","TOT","AGRWTH","A","2012",0.6789958009,
"NOR","CPIFORECAST","TOT","AGRWTH","A","2013",2.1208625433,
"NOR","CPIFORECAST","TOT","AGRWTH","A","2014",2.0507473062,
"NOR","CPIFORECAST","TOT","AGRWTH","A","2015",2.1713215259,
"NOR","CPIFORECAST","TOT","AGRWTH","A","2016",3.5586298858,
"NOR","CPIFORECAST","TOT","AGRWTH","A","2017",1.8911958796,
"NOR","CPIFORECAST","TOT","AGRWTH","A","2018",2.7137001421,
"NOR","CPIFORECAST","TOT","AGRWTH","A","2019",2.2630642821,
"NOR","CPIFORECAST","TOT","AGRWTH","A","2020",2.0544345189,
"POL","CPIFORECAST","TOT","AGRWTH","A","1990",567.8787721153,
"POL","CPIFORECAST","TOT","AGRWTH","A","1991",76.7695099819,
"POL","CPIFORECAST","TOT","AGRWTH","A","1992",46.0985626283,
"POL","CPIFORECAST","TOT","AGRWTH","A","1993",36.9641602249,
"POL","CPIFORECAST","TOT","AGRWTH","A","1994",32.9912775782,
"POL","CPIFORECAST","TOT","AGRWTH","A","1995",27.9513888889,
"POL","CPIFORECAST","TOT","AGRWTH","A","1996",19.7949645711,
"POL","CPIFORECAST","TOT","AGRWTH","A","1997",14.913163856,
"POL","CPIFORECAST","TOT","AGRWTH","A","1998",11.5978534662,
"POL","CPIFORECAST","TOT","AGRWTH","A","1999",7.1540726202,
"POL","CPIFORECAST","TOT","AGRWTH","A","2000",9.9001740086,
"POL","CPIFORECAST","TOT","AGRWTH","A","2001",5.4083333333,
"POL","CPIFORECAST","TOT","AGRWTH","A","2002",1.9052889556,
"POL","CPIFORECAST","TOT","AGRWTH","A","2003",0.6826997673,
"POL","CPIFORECAST","TOT","AGRWTH","A","2004",3.3826475574,
"POL","CPIFORECAST","TOT","AGRWTH","A","2005",2.1837966759,
"POL","CPIFORECAST","TOT","AGRWTH","A","2006",1.2846934654,
"POL","CPIFORECAST","TOT","AGRWTH","A","2007",2.4587431239,
"POL","CPIFORECAST","TOT","AGRWTH","A","2008",4.1649719352,
"POL","CPIFORECAST","TOT","AGRWTH","A","2009",3.7953924248,
"POL","CPIFORECAST","TOT","AGRWTH","A","2010",2.5806937025,
"POL","CPIFORECAST","TOT","AGRWTH","A","2011",4.2394014963,
"POL","CPIFORECAST","TOT","AGRWTH","A","2012",3.560371517,
"POL","CPIFORECAST","TOT","AGRWTH","A","2013",0.9919826063,
"POL","CPIFORECAST","TOT","AGRWTH","A","2014",0.0538213132,
"POL","CPIFORECAST","TOT","AGRWTH","A","2015",-0.8741258741,
"POL","CPIFORECAST","TOT","AGRWTH","A","2016",-0.6647673314,
"POL","CPIFORECAST","TOT","AGRWTH","A","2017",2.0759355363,
"POL","CPIFORECAST","TOT","AGRWTH","A","2018",1.9350923155,
"POL","CPIFORECAST","TOT","AGRWTH","A","2019",2.6853581481,
"POL","CPIFORECAST","TOT","AGRWTH","A","2020",2.9468506736,
"SWE","CPIFORECAST","TOT","AGRWTH","A","1961",2.1579719254,
"SWE","CPIFORECAST","TOT","AGRWTH","A","1962",4.7662018048,
"SWE","CPIFORECAST","TOT","AGRWTH","A","1963",2.8717406624,
"SWE","CPIFORECAST","TOT","AGRWTH","A","1964",3.3876615098,
"SWE","CPIFORECAST","TOT","AGRWTH","A","1965",5.0127688945,
"SWE","CPIFORECAST","TOT","AGRWTH","A","1966",6.4048129209,
"SWE","CPIFORECAST","TOT","AGRWTH","A","1967",4.2893145992,
"SWE","CPIFORECAST","TOT","AGRWTH","A","1968",1.943123845,
"SWE","CPIFORECAST","TOT","AGRWTH","A","1969",2.6919933533,
"SWE","CPIFORECAST","TOT","AGRWTH","A","1970",7.0163659886,
"SWE","CPIFORECAST","TOT","AGRWTH","A","1971",7.3955414574,
"SWE","CPIFORECAST","TOT","AGRWTH","A","1972",6.0073906822,
"SWE","CPIFORECAST","TOT","AGRWTH","A","1973",6.7179958701,
"SWE","CPIFORECAST","TOT","AGRWTH","A","1974",9.9117236658,
"SWE","CPIFORECAST","TOT","AGRWTH","A","1975",9.7798775338,
"SWE","CPIFORECAST","TOT","AGRWTH","A","1976",10.2492222324,
"SWE","CPIFORECAST","TOT","AGRWTH","A","1977",11.4418052878,
"SWE","CPIFORECAST","TOT","AGRWTH","A","1978",9.9952644844,
"SWE","CPIFORECAST","TOT","AGRWTH","A","1979",7.2097859675,
"SWE","CPIFORECAST","TOT","AGRWTH","A","1980",13.7063228271,
"SWE","CPIFORECAST","TOT","AGRWTH","A","1981",12.1039385303,
"SWE","CPIFORECAST","TOT","AGRWTH","A","1982",8.5891850905,
"SWE","CPIFORECAST","TOT","AGRWTH","A","1983",8.8730215236,
"SWE","CPIFORECAST","TOT","AGRWTH","A","1984",8.0442423899,
"SWE","CPIFORECAST","TOT","AGRWTH","A","1985",7.3725745813,
"SWE","CPIFORECAST","TOT","AGRWTH","A","1986",4.2359101109,
"SWE","CPIFORECAST","TOT","AGRWTH","A","1987",4.1885715177,
"SWE","CPIFORECAST","TOT","AGRWTH","A","1988",5.8248986844,
"SWE","CPIFORECAST","TOT","AGRWTH","A","1989",6.4432758743,
"SWE","CPIFORECAST","TOT","AGRWTH","A","1990",10.3665533879,
"SWE","CPIFORECAST","TOT","AGRWTH","A","1991",9.4446273294,
"SWE","CPIFORECAST","TOT","AGRWTH","A","1992",2.3743672511,
"SWE","CPIFORECAST","TOT","AGRWTH","A","1993",4.7281730463,
"SWE","CPIFORECAST","TOT","AGRWTH","A","1994",2.1581380072,
"SWE","CPIFORECAST","TOT","AGRWTH","A","1995",2.4551485782,
"SWE","CPIFORECAST","TOT","AGRWTH","A","1996",0.5331319788,
"SWE","CPIFORECAST","TOT","AGRWTH","A","1997",0.6584102562,
"SWE","CPIFORECAST","TOT","AGRWTH","A","1998",-0.2671326684,
"SWE","CPIFORECAST","TOT","AGRWTH","A","1999",0.4621757563,
"SWE","CPIFORECAST","TOT","AGRWTH","A","2000",0.899143734,
"SWE","CPIFORECAST","TOT","AGRWTH","A","2001",2.4059583415,
"SWE","CPIFORECAST","TOT","AGRWTH","A","2002",2.1584821359,
"SWE","CPIFORECAST","TOT","AGRWTH","A","2003",1.9256553489,
"SWE","CPIFORECAST","TOT","AGRWTH","A","2004",0.3736598287,
"SWE","CPIFORECAST","TOT","AGRWTH","A","2005",0.4531708526,
"SWE","CPIFORECAST","TOT","AGRWTH","A","2006",1.3602146863,
"SWE","CPIFORECAST","TOT","AGRWTH","A","2007",2.2121688344,
"SWE","CPIFORECAST","TOT","AGRWTH","A","2008",3.437049106,
"SWE","CPIFORECAST","TOT","AGRWTH","A","2009",-0.4944605444,
"SWE","CPIFORECAST","TOT","AGRWTH","A","2010",1.1579880272,
"SWE","CPIFORECAST","TOT","AGRWTH","A","2011",2.9611507382,
"SWE","CPIFORECAST","TOT","AGRWTH","A","2012",0.8883775069,
"SWE","CPIFORECAST","TOT","AGRWTH","A","2013",-0.0442929701,
"SWE","CPIFORECAST","TOT","AGRWTH","A","2014",-0.1796384941,
"SWE","CPIFORECAST","TOT","AGRWTH","A","2015",-0.046784745,
"SWE","CPIFORECAST","TOT","AGRWTH","A","2016",0.9842692446,
"SWE","CPIFORECAST","TOT","AGRWTH","A","2017",1.7944990466,
"SWE","CPIFORECAST","TOT","AGRWTH","A","2018",2.0476802034,
"SWE","CPIFORECAST","TOT","AGRWTH","A","2019",2.4258701634,
"SWE","CPIFORECAST","TOT","AGRWTH","A","2020",2.3218972188,
"CHE","CPIFORECAST","TOT","AGRWTH","A","1961",1.8453889181,
"CHE","CPIFORECAST","TOT","AGRWTH","A","1962",4.3160000939,
"CHE","CPIFORECAST","TOT","AGRWTH","A","1963",3.4402166729,
"CHE","CPIFORECAST","TOT","AGRWTH","A","1964",3.0805539015,
"CHE","CPIFORECAST","TOT","AGRWTH","A","1965",3.4144771722,
"CHE","CPIFORECAST","TOT","AGRWTH","A","1966",4.7759815949,
"CHE","CPIFORECAST","TOT","AGRWTH","A","1967",4.0051997244,
"CHE","CPIFORECAST","TOT","AGRWTH","A","1968",2.3958206552,
"CHE","CPIFORECAST","TOT","AGRWTH","A","1969",2.4890280699,
"CHE","CPIFORECAST","TOT","AGRWTH","A","1970",3.6159948614,
"CHE","CPIFORECAST","TOT","AGRWTH","A","1971",6.5732206586,
"CHE","CPIFORECAST","TOT","AGRWTH","A","1972",6.6600016158,
"CHE","CPIFORECAST","TOT","AGRWTH","A","1973",8.7546748218,
"CHE","CPIFORECAST","TOT","AGRWTH","A","1974",9.7674151356,
"CHE","CPIFORECAST","TOT","AGRWTH","A","1975",6.6965935678,
"CHE","CPIFORECAST","TOT","AGRWTH","A","1976",1.7154742047,
"CHE","CPIFORECAST","TOT","AGRWTH","A","1977",1.2960020813,
"CHE","CPIFORECAST","TOT","AGRWTH","A","1978",1.0287887708,
"CHE","CPIFORECAST","TOT","AGRWTH","A","1979",3.6476438848,
"CHE","CPIFORECAST","TOT","AGRWTH","A","1980",4.0224990974,
"CHE","CPIFORECAST","TOT","AGRWTH","A","1981",6.4903101032,
"CHE","CPIFORECAST","TOT","AGRWTH","A","1982",5.6551014671,
"CHE","CPIFORECAST","TOT","AGRWTH","A","1983",2.9498315142,
"CHE","CPIFORECAST","TOT","AGRWTH","A","1984",2.9314359969,
"CHE","CPIFORECAST","TOT","AGRWTH","A","1985",3.435389869,
"CHE","CPIFORECAST","TOT","AGRWTH","A","1986",0.7503088699,
"CHE","CPIFORECAST","TOT","AGRWTH","A","1987",1.4403284236,
"CHE","CPIFORECAST","TOT","AGRWTH","A","1988",1.8724591725,
"CHE","CPIFORECAST","TOT","AGRWTH","A","1989",3.1552891003,
"CHE","CPIFORECAST","TOT","AGRWTH","A","1990",5.4039539824,
"CHE","CPIFORECAST","TOT","AGRWTH","A","1991",5.8595859354,
"CHE","CPIFORECAST","TOT","AGRWTH","A","1992",4.0370091638,
"CHE","CPIFORECAST","TOT","AGRWTH","A","1993",3.2926294833,
"CHE","CPIFORECAST","TOT","AGRWTH","A","1994",0.8521415222,
"CHE","CPIFORECAST","TOT","AGRWTH","A","1995",1.7997995625,
"CHE","CPIFORECAST","TOT","AGRWTH","A","1996",0.8116580382,
"CHE","CPIFORECAST","TOT","AGRWTH","A","1997",0.5202146424,
"CHE","CPIFORECAST","TOT","AGRWTH","A","1998",0.0179488592,
"CHE","CPIFORECAST","TOT","AGRWTH","A","1999",0.8064468571,
"CHE","CPIFORECAST","TOT","AGRWTH","A","2000",1.5585184679,
"CHE","CPIFORECAST","TOT","AGRWTH","A","2001",0.9890171534,
"CHE","CPIFORECAST","TOT","AGRWTH","A","2002",0.6427084419,
"CHE","CPIFORECAST","TOT","AGRWTH","A","2003",0.6382989112,
"CHE","CPIFORECAST","TOT","AGRWTH","A","2004",0.8028826181,
"CHE","CPIFORECAST","TOT","AGRWTH","A","2005",1.1719511445,
"CHE","CPIFORECAST","TOT","AGRWTH","A","2006",1.0595250555,
"CHE","CPIFORECAST","TOT","AGRWTH","A","2007",0.7323366312,
"CHE","CPIFORECAST","TOT","AGRWTH","A","2008",2.4260480403,
"CHE","CPIFORECAST","TOT","AGRWTH","A","2009",-0.480467934,
"CHE","CPIFORECAST","TOT","AGRWTH","A","2010",0.6882334487,
"CHE","CPIFORECAST","TOT","AGRWTH","A","2011",0.2313365769,
"CHE","CPIFORECAST","TOT","AGRWTH","A","2012",-0.6925458419,
"CHE","CPIFORECAST","TOT","AGRWTH","A","2013",-0.2173085176,
"CHE","CPIFORECAST","TOT","AGRWTH","A","2014",-0.0132291602,
"CHE","CPIFORECAST","TOT","AGRWTH","A","2015",-1.1439006444,
"CHE","CPIFORECAST","TOT","AGRWTH","A","2016",-0.4346076385,
"CHE","CPIFORECAST","TOT","AGRWTH","A","2017",0.5337959884,
"CHE","CPIFORECAST","TOT","AGRWTH","A","2018",1.0046973646,
"CHE","CPIFORECAST","TOT","AGRWTH","A","2019",0.9354795825,
"CHE","CPIFORECAST","TOT","AGRWTH","A","2020",1.0570155926,
"TUR","CPIFORECAST","TOT","AGRWTH","A","1962",3.8882997526,
"TUR","CPIFORECAST","TOT","AGRWTH","A","1963",6.3627084042,
"TUR","CPIFORECAST","TOT","AGRWTH","A","1964",1.1196417147,
"TUR","CPIFORECAST","TOT","AGRWTH","A","1965",4.5555204049,
"TUR","CPIFORECAST","TOT","AGRWTH","A","1966",8.4720121029,
"TUR","CPIFORECAST","TOT","AGRWTH","A","1967",13.9748953975,
"TUR","CPIFORECAST","TOT","AGRWTH","A","1968",6.0462455432,
"TUR","CPIFORECAST","TOT","AGRWTH","A","1969",4.9241964827,
"TUR","CPIFORECAST","TOT","AGRWTH","A","1970",7.923939429,
"TUR","CPIFORECAST","TOT","AGRWTH","A","1971",19.0114068441,
"TUR","CPIFORECAST","TOT","AGRWTH","A","1972",15.4164604239,
"TUR","CPIFORECAST","TOT","AGRWTH","A","1973",13.9381652306,
"TUR","CPIFORECAST","TOT","AGRWTH","A","1974",23.898165891,
"TUR","CPIFORECAST","TOT","AGRWTH","A","1975",21.2273530711,
"TUR","CPIFORECAST","TOT","AGRWTH","A","1976",17.4556887046,
"TUR","CPIFORECAST","TOT","AGRWTH","A","1977",25.9853363333,
"TUR","CPIFORECAST","TOT","AGRWTH","A","1978",61.8970640309,
"TUR","CPIFORECAST","TOT","AGRWTH","A","1979",63.5430831994,
"TUR","CPIFORECAST","TOT","AGRWTH","A","1980",94.2608604639,
"TUR","CPIFORECAST","TOT","AGRWTH","A","1981",37.6147914896,
"TUR","CPIFORECAST","TOT","AGRWTH","A","1982",29.1375115905,
"TUR","CPIFORECAST","TOT","AGRWTH","A","1983",31.3902711486,
"TUR","CPIFORECAST","TOT","AGRWTH","A","1984",48.3923326635,
"TUR","CPIFORECAST","TOT","AGRWTH","A","1985",44.9617167561,
"TUR","CPIFORECAST","TOT","AGRWTH","A","1986",34.6100778982,
"TUR","CPIFORECAST","TOT","AGRWTH","A","1987",38.8558494112,
"TUR","CPIFORECAST","TOT","AGRWTH","A","1988",68.8096367499,
"TUR","CPIFORECAST","TOT","AGRWTH","A","1989",63.2725527831,
"TUR","CPIFORECAST","TOT","AGRWTH","A","1990",60.3038852642,
"TUR","CPIFORECAST","TOT","AGRWTH","A","1991",65.9785498212,
"TUR","CPIFORECAST","TOT","AGRWTH","A","1992",70.0761048457,
"TUR","CPIFORECAST","TOT","AGRWTH","A","1993",66.0938464036,
"TUR","CPIFORECAST","TOT","AGRWTH","A","1994",105.2150040282,
"TUR","CPIFORECAST","TOT","AGRWTH","A","1995",89.1133087496,
"TUR","CPIFORECAST","TOT","AGRWTH","A","1996",80.4121426989,
"TUR","CPIFORECAST","TOT","AGRWTH","A","1997",85.6693687055,
"TUR","CPIFORECAST","TOT","AGRWTH","A","1998",84.6413356971,
"TUR","CPIFORECAST","TOT","AGRWTH","A","1999",64.8674792029,
"TUR","CPIFORECAST","TOT","AGRWTH","A","2000",54.9153824089,
"TUR","CPIFORECAST","TOT","AGRWTH","A","2001",54.4001840365,
"TUR","CPIFORECAST","TOT","AGRWTH","A","2002",44.964123548,
"TUR","CPIFORECAST","TOT","AGRWTH","A","2003",21.6024370406,
"TUR","CPIFORECAST","TOT","AGRWTH","A","2004",8.5982616813,
"TUR","CPIFORECAST","TOT","AGRWTH","A","2005",8.179160368,
"TUR","CPIFORECAST","TOT","AGRWTH","A","2006",9.5972421229,
"TUR","CPIFORECAST","TOT","AGRWTH","A","2007",8.7561809097,
"TUR","CPIFORECAST","TOT","AGRWTH","A","2008",10.4441283765,
"TUR","CPIFORECAST","TOT","AGRWTH","A","2009",6.2509766309,
"TUR","CPIFORECAST","TOT","AGRWTH","A","2010",8.5664442055,
"TUR","CPIFORECAST","TOT","AGRWTH","A","2011",6.4718796712,
"TUR","CPIFORECAST","TOT","AGRWTH","A","2012",8.8915699651,
"TUR","CPIFORECAST","TOT","AGRWTH","A","2013",7.4930903055,
"TUR","CPIFORECAST","TOT","AGRWTH","A","2014",8.8545727136,
"TUR","CPIFORECAST","TOT","AGRWTH","A","2015",7.6708536485,
"TUR","CPIFORECAST","TOT","AGRWTH","A","2016",7.7751341533,
"TUR","CPIFORECAST","TOT","AGRWTH","A","2017",11.144311084,
"TUR","CPIFORECAST","TOT","AGRWTH","A","2018",16.7884317063,
"TUR","CPIFORECAST","TOT","AGRWTH","A","2019",19.5368543237,
"TUR","CPIFORECAST","TOT","AGRWTH","A","2020",10.7403778826,
"USA","CPIFORECAST","TOT","AGRWTH","A","1961",1.0703622331,
"USA","CPIFORECAST","TOT","AGRWTH","A","1962",1.1760771417,
"USA","CPIFORECAST","TOT","AGRWTH","A","1963",1.2560599383,
"USA","CPIFORECAST","TOT","AGRWTH","A","1964",1.3220892274,
"USA","CPIFORECAST","TOT","AGRWTH","A","1965",1.578693014,
"USA","CPIFORECAST","TOT","AGRWTH","A","1966",2.9893746366,
"USA","CPIFORECAST","TOT","AGRWTH","A","1967",2.7845502374,
"USA","CPIFORECAST","TOT","AGRWTH","A","1968",4.2446941323,
"USA","CPIFORECAST","TOT","AGRWTH","A","1969",5.4371257485,
"USA","CPIFORECAST","TOT","AGRWTH","A","1970",5.8836892322,
"USA","CPIFORECAST","TOT","AGRWTH","A","1971",4.2265608239,
"USA","CPIFORECAST","TOT","AGRWTH","A","1972",3.272951832,
"USA","CPIFORECAST","TOT","AGRWTH","A","1973",6.2587203508,
"USA","CPIFORECAST","TOT","AGRWTH","A","1974",11.011067342,
"USA","CPIFORECAST","TOT","AGRWTH","A","1975",9.1416018925,
"USA","CPIFORECAST","TOT","AGRWTH","A","1976",5.7748877535,
"USA","CPIFORECAST","TOT","AGRWTH","A","1977",6.4695550351,
"USA","CPIFORECAST","TOT","AGRWTH","A","1978",7.6299147649,
"USA","CPIFORECAST","TOT","AGRWTH","A","1979",11.2530335931,
"USA","CPIFORECAST","TOT","AGRWTH","A","1980",13.5017221584,
"USA","CPIFORECAST","TOT","AGRWTH","A","1981",10.3783127655,
"USA","CPIFORECAST","TOT","AGRWTH","A","1982",6.1583577713,
"USA","CPIFORECAST","TOT","AGRWTH","A","1983",3.1595303867,
"USA","CPIFORECAST","TOT","AGRWTH","A","1984",4.3682008368,
"USA","CPIFORECAST","TOT","AGRWTH","A","1985",3.5279025016,
"USA","CPIFORECAST","TOT","AGRWTH","A","1986",1.9439281289,
"USA","CPIFORECAST","TOT","AGRWTH","A","1987",3.5782116539,
"USA","CPIFORECAST","TOT","AGRWTH","A","1988",4.1000440076,
"USA","CPIFORECAST","TOT","AGRWTH","A","1989",4.7910942014,
"USA","CPIFORECAST","TOT","AGRWTH","A","1990",5.419216029,
"USA","CPIFORECAST","TOT","AGRWTH","A","1991",4.2158300912,
"USA","CPIFORECAST","TOT","AGRWTH","A","1992",3.0416156671,
"USA","CPIFORECAST","TOT","AGRWTH","A","1993",2.9696501752,
"USA","CPIFORECAST","TOT","AGRWTH","A","1994",2.5956047759,
"USA","CPIFORECAST","TOT","AGRWTH","A","1995",2.8054196885,
"USA","CPIFORECAST","TOT","AGRWTH","A","1996",2.9366728645,
"USA","CPIFORECAST","TOT","AGRWTH","A","1997",2.337565744,
"USA","CPIFORECAST","TOT","AGRWTH","A","1998",1.5470072159,
"USA","CPIFORECAST","TOT","AGRWTH","A","1999",2.1931394101,
"USA","CPIFORECAST","TOT","AGRWTH","A","2000",3.3666833417,
"USA","CPIFORECAST","TOT","AGRWTH","A","2001",2.8166287567,
"USA","CPIFORECAST","TOT","AGRWTH","A","2002",1.5956695693,
"USA","CPIFORECAST","TOT","AGRWTH","A","2003",2.2979985174,
"USA","CPIFORECAST","TOT","AGRWTH","A","2004",2.6675724638,
"USA","CPIFORECAST","TOT","AGRWTH","A","2005",3.3658299881,
"USA","CPIFORECAST","TOT","AGRWTH","A","2006",3.2220894503,
"USA","CPIFORECAST","TOT","AGRWTH","A","2007",2.8705502956,
"USA","CPIFORECAST","TOT","AGRWTH","A","2008",3.8149533987,
"USA","CPIFORECAST","TOT","AGRWTH","A","2009",-0.3203575926,
"USA","CPIFORECAST","TOT","AGRWTH","A","2010",1.6365695501,
"USA","CPIFORECAST","TOT","AGRWTH","A","2011",3.1396522775,
"USA","CPIFORECAST","TOT","AGRWTH","A","2012",2.0731909735,
"USA","CPIFORECAST","TOT","AGRWTH","A","2013",1.465971551,
"USA","CPIFORECAST","TOT","AGRWTH","A","2014",1.6118144637,
"USA","CPIFORECAST","TOT","AGRWTH","A","2015",0.1209303505,
"USA","CPIFORECAST","TOT","AGRWTH","A","2016",1.271593048,
"USA","CPIFORECAST","TOT","AGRWTH","A","2017",2.1386588409,
"USA","CPIFORECAST","TOT","AGRWTH","A","2018",2.4794096085,
"USA","CPIFORECAST","TOT","AGRWTH","A","2019",2.2749783799,
"USA","CPIFORECAST","TOT","AGRWTH","A","2020",2.3566445395,
"BRA","CPIFORECAST","TOT","AGRWTH","A","1996",15.7576656003,
"BRA","CPIFORECAST","TOT","AGRWTH","A","1997",6.9267125163,
"BRA","CPIFORECAST","TOT","AGRWTH","A","1998",3.1950762928,
"BRA","CPIFORECAST","TOT","AGRWTH","A","1999",4.858447499,
"BRA","CPIFORECAST","TOT","AGRWTH","A","2000",7.0441410595,
"BRA","CPIFORECAST","TOT","AGRWTH","A","2001",6.8403590249,
"BRA","CPIFORECAST","TOT","AGRWTH","A","2002",8.4501643771,
"BRA","CPIFORECAST","TOT","AGRWTH","A","2003",14.7149197228,
"BRA","CPIFORECAST","TOT","AGRWTH","A","2004",6.5971850999,
"BRA","CPIFORECAST","TOT","AGRWTH","A","2005",6.869537209,
"BRA","CPIFORECAST","TOT","AGRWTH","A","2006",4.183568129,
"BRA","CPIFORECAST","TOT","AGRWTH","A","2007",3.641272991,
"BRA","CPIFORECAST","TOT","AGRWTH","A","2008",5.6785939028,
"BRA","CPIFORECAST","TOT","AGRWTH","A","2009",4.8877400139,
"BRA","CPIFORECAST","TOT","AGRWTH","A","2010",5.0390221103,
"BRA","CPIFORECAST","TOT","AGRWTH","A","2011",6.6364496221,
"BRA","CPIFORECAST","TOT","AGRWTH","A","2012",5.4034991404,
"BRA","CPIFORECAST","TOT","AGRWTH","A","2013",6.2043106664,
"BRA","CPIFORECAST","TOT","AGRWTH","A","2014",6.3290666984,
"BRA","CPIFORECAST","TOT","AGRWTH","A","2015",9.029884313,
"BRA","CPIFORECAST","TOT","AGRWTH","A","2016",8.7391330449,
"BRA","CPIFORECAST","TOT","AGRWTH","A","2017",3.4463733503,
"BRA","CPIFORECAST","TOT","AGRWTH","A","2018",3.7809780307,
"BRA","CPIFORECAST","TOT","AGRWTH","A","2019",4.6227348747,
"BRA","CPIFORECAST","TOT","AGRWTH","A","2020",4.2991532756,
"CHL","CPIFORECAST","TOT","AGRWTH","A","1971",20.0522437261,
"CHL","CPIFORECAST","TOT","AGRWTH","A","1972",77.7957356872,
"CHL","CPIFORECAST","TOT","AGRWTH","A","1973",352.8109922383,
"CHL","CPIFORECAST","TOT","AGRWTH","A","1974",504.7385204574,
"CHL","CPIFORECAST","TOT","AGRWTH","A","1975",374.7352897991,
"CHL","CPIFORECAST","TOT","AGRWTH","A","1976",211.9242977378,
"CHL","CPIFORECAST","TOT","AGRWTH","A","1977",91.954130221,
"CHL","CPIFORECAST","TOT","AGRWTH","A","1978",40.0872281431,
"CHL","CPIFORECAST","TOT","AGRWTH","A","1979",33.3892075799,
"CHL","CPIFORECAST","TOT","AGRWTH","A","1980",35.1383482602,
"CHL","CPIFORECAST","TOT","AGRWTH","A","1981",19.6868342182,
"CHL","CPIFORECAST","TOT","AGRWTH","A","1982",9.9410221744,
"CHL","CPIFORECAST","TOT","AGRWTH","A","1983",27.2571972688,
"CHL","CPIFORECAST","TOT","AGRWTH","A","1984",19.8602073224,
"CHL","CPIFORECAST","TOT","AGRWTH","A","1985",30.7034943952,
"CHL","CPIFORECAST","TOT","AGRWTH","A","1986",19.4768659088,
"CHL","CPIFORECAST","TOT","AGRWTH","A","1987",19.8808087061,
"CHL","CPIFORECAST","TOT","AGRWTH","A","1988",14.68435852,
"CHL","CPIFORECAST","TOT","AGRWTH","A","1989",17.0279411206,
"CHL","CPIFORECAST","TOT","AGRWTH","A","1990",26.0364782086,
"CHL","CPIFORECAST","TOT","AGRWTH","A","1991",21.7844199096,
"CHL","CPIFORECAST","TOT","AGRWTH","A","1992",15.4258032788,
"CHL","CPIFORECAST","TOT","AGRWTH","A","1993",12.727761408,
"CHL","CPIFORECAST","TOT","AGRWTH","A","1994",11.4431243587,
"CHL","CPIFORECAST","TOT","AGRWTH","A","1995",8.2326335457,
"CHL","CPIFORECAST","TOT","AGRWTH","A","1996",7.359114663,
"CHL","CPIFORECAST","TOT","AGRWTH","A","1997",6.1338665154,
"CHL","CPIFORECAST","TOT","AGRWTH","A","1998",5.1102441331,
"CHL","CPIFORECAST","TOT","AGRWTH","A","1999",3.3368828619,
"CHL","CPIFORECAST","TOT","AGRWTH","A","2000",3.8432734728,
"CHL","CPIFORECAST","TOT","AGRWTH","A","2001",3.5691011338,
"CHL","CPIFORECAST","TOT","AGRWTH","A","2002",2.4893983312,
"CHL","CPIFORECAST","TOT","AGRWTH","A","2003",2.8101772595,
"CHL","CPIFORECAST","TOT","AGRWTH","A","2004",1.0547393323,
"CHL","CPIFORECAST","TOT","AGRWTH","A","2005",3.0525739434,
"CHL","CPIFORECAST","TOT","AGRWTH","A","2006",3.3920189911,
"CHL","CPIFORECAST","TOT","AGRWTH","A","2007",4.4077979045,
"CHL","CPIFORECAST","TOT","AGRWTH","A","2008",8.7162685478,
"CHL","CPIFORECAST","TOT","AGRWTH","A","2009",0.3530467318,
"CHL","CPIFORECAST","TOT","AGRWTH","A","2010",1.4108098198,
"CHL","CPIFORECAST","TOT","AGRWTH","A","2011",3.3403180081,
"CHL","CPIFORECAST","TOT","AGRWTH","A","2012",3.0065203562,
"CHL","CPIFORECAST","TOT","AGRWTH","A","2013",1.9282195996,
"CHL","CPIFORECAST","TOT","AGRWTH","A","2014",4.395,
"CHL","CPIFORECAST","TOT","AGRWTH","A","2015",4.3488672829,
"CHL","CPIFORECAST","TOT","AGRWTH","A","2016",3.7866617708,
"CHL","CPIFORECAST","TOT","AGRWTH","A","2017",2.1824694859,
"CHL","CPIFORECAST","TOT","AGRWTH","A","2018",2.4588206585,
"CHL","CPIFORECAST","TOT","AGRWTH","A","2019",3.0143110411,
"CHL","CPIFORECAST","TOT","AGRWTH","A","2020",3.0318224369,
"CHN","CPIFORECAST","TOT","AGRWTH","A","1994",24.2449659058,
"CHN","CPIFORECAST","TOT","AGRWTH","A","1995",16.8198335076,
"CHN","CPIFORECAST","TOT","AGRWTH","A","1996",7.8786318973,
"CHN","CPIFORECAST","TOT","AGRWTH","A","1997",1.7582434952,
"CHN","CPIFORECAST","TOT","AGRWTH","A","1998",-1.6660628818,
"CHN","CPIFORECAST","TOT","AGRWTH","A","1999",-2.2360277092,
"CHN","CPIFORECAST","TOT","AGRWTH","A","2000",-0.832922175,
"CHN","CPIFORECAST","TOT","AGRWTH","A","2001",0.2612238312,
"CHN","CPIFORECAST","TOT","AGRWTH","A","2002",-0.7319761139,
"CHN","CPIFORECAST","TOT","AGRWTH","A","2003",1.127604311,
"CHN","CPIFORECAST","TOT","AGRWTH","A","2004",3.8246387506,
"CHN","CPIFORECAST","TOT","AGRWTH","A","2005",1.7764137243,
"CHN","CPIFORECAST","TOT","AGRWTH","A","2006",1.6494321778,
"CHN","CPIFORECAST","TOT","AGRWTH","A","2007",4.8167668185,
"CHN","CPIFORECAST","TOT","AGRWTH","A","2008",5.9252537338,
"CHN","CPIFORECAST","TOT","AGRWTH","A","2009",-0.7289405482,
"CHN","CPIFORECAST","TOT","AGRWTH","A","2010",3.1748285634,
"CHN","CPIFORECAST","TOT","AGRWTH","A","2011",5.5265151135,
"CHN","CPIFORECAST","TOT","AGRWTH","A","2012",2.6132925215,
"CHN","CPIFORECAST","TOT","AGRWTH","A","2013",2.5695324053,
"CHN","CPIFORECAST","TOT","AGRWTH","A","2014",2.0561326574,
"CHN","CPIFORECAST","TOT","AGRWTH","A","2015",1.5424317029,
"CHN","CPIFORECAST","TOT","AGRWTH","A","2016",2.120335249,
"CHN","CPIFORECAST","TOT","AGRWTH","A","2017",1.5175659626,
"CHN","CPIFORECAST","TOT","AGRWTH","A","2018",2.0049290857,
"CHN","CPIFORECAST","TOT","AGRWTH","A","2019",3.0126643866,
"CHN","CPIFORECAST","TOT","AGRWTH","A","2020",3,
"IND","CPIFORECAST","TOT","AGRWTH","A","1996",9.6363895915,
"IND","CPIFORECAST","TOT","AGRWTH","A","1997",6.7749536174,
"IND","CPIFORECAST","TOT","AGRWTH","A","1998",13.2570955887,
"IND","CPIFORECAST","TOT","AGRWTH","A","1999",3.383410874,
"IND","CPIFORECAST","TOT","AGRWTH","A","2000",3.6262102274,
"IND","CPIFORECAST","TOT","AGRWTH","A","2001",4.5268125575,
"IND","CPIFORECAST","TOT","AGRWTH","A","2002",5.0096852192,
"IND","CPIFORECAST","TOT","AGRWTH","A","2003",4.105511796,
"IND","CPIFORECAST","TOT","AGRWTH","A","2004",3.9672149321,
"IND","CPIFORECAST","TOT","AGRWTH","A","2005",3.6687173822,
"IND","CPIFORECAST","TOT","AGRWTH","A","2006",6.7533041282,
"IND","CPIFORECAST","TOT","AGRWTH","A","2007",5.9320083669,
"IND","CPIFORECAST","TOT","AGRWTH","A","2008",9.1924841214,
"IND","CPIFORECAST","TOT","AGRWTH","A","2009",10.6172578003,
"IND","CPIFORECAST","TOT","AGRWTH","A","2010",9.513537547,
"IND","CPIFORECAST","TOT","AGRWTH","A","2011",9.2553451227,
"IND","CPIFORECAST","TOT","AGRWTH","A","2012",9.9060164645,
"IND","CPIFORECAST","TOT","AGRWTH","A","2013",9.4257648681,
"IND","CPIFORECAST","TOT","AGRWTH","A","2014",5.9285604984,
"IND","CPIFORECAST","TOT","AGRWTH","A","2015",4.9026304969,
"IND","CPIFORECAST","TOT","AGRWTH","A","2016",4.5223825165,
"IND","CPIFORECAST","TOT","AGRWTH","A","2017",3.585530246,
"IND","CPIFORECAST","TOT","AGRWTH","A","2018",4.4950115199,
"IND","CPIFORECAST","TOT","AGRWTH","A","2019",5.0245324201,
"IND","CPIFORECAST","TOT","AGRWTH","A","2020",4.5481279714,
"IDN","CPIFORECAST","TOT","AGRWTH","A","1996",7.9732802831,
"IDN","CPIFORECAST","TOT","AGRWTH","A","1997",6.2261418954,
"IDN","CPIFORECAST","TOT","AGRWTH","A","1998",58.4510532773,
"IDN","CPIFORECAST","TOT","AGRWTH","A","1999",20.4778290416,
"IDN","CPIFORECAST","TOT","AGRWTH","A","2000",3.6886177029,
"IDN","CPIFORECAST","TOT","AGRWTH","A","2001",11.5001173771,
"IDN","CPIFORECAST","TOT","AGRWTH","A","2002",11.9001165082,
"IDN","CPIFORECAST","TOT","AGRWTH","A","2003",6.7573161371,
"IDN","CPIFORECAST","TOT","AGRWTH","A","2004",6.064059784,
"IDN","CPIFORECAST","TOT","AGRWTH","A","2005",10.4532009889,
"IDN","CPIFORECAST","TOT","AGRWTH","A","2006",13.1086705775,
"IDN","CPIFORECAST","TOT","AGRWTH","A","2007",6.4065617388,
"IDN","CPIFORECAST","TOT","AGRWTH","A","2008",10.2266666653,
"IDN","CPIFORECAST","TOT","AGRWTH","A","2009",4.3864158708,
"IDN","CPIFORECAST","TOT","AGRWTH","A","2010",5.1342033997,
"IDN","CPIFORECAST","TOT","AGRWTH","A","2011",5.356048027,
"IDN","CPIFORECAST","TOT","AGRWTH","A","2012",4.2795119602,
"IDN","CPIFORECAST","TOT","AGRWTH","A","2013",6.4125,
"IDN","CPIFORECAST","TOT","AGRWTH","A","2014",6.3949254082,
"IDN","CPIFORECAST","TOT","AGRWTH","A","2015",6.3631211312,
"IDN","CPIFORECAST","TOT","AGRWTH","A","2016",3.5258051569,
"IDN","CPIFORECAST","TOT","AGRWTH","A","2017",3.8087980695,
"IDN","CPIFORECAST","TOT","AGRWTH","A","2018",3.2955423963,
"IDN","CPIFORECAST","TOT","AGRWTH","A","2019",3.7393137571,
"IDN","CPIFORECAST","TOT","AGRWTH","A","2020",3.8415903894,
"ISR","CPIFORECAST","TOT","AGRWTH","A","1971",11.9725709265,
"ISR","CPIFORECAST","TOT","AGRWTH","A","1972",12.881467717,
"ISR","CPIFORECAST","TOT","AGRWTH","A","1973",20.0323671645,
"ISR","CPIFORECAST","TOT","AGRWTH","A","1974",39.6799770973,
"ISR","CPIFORECAST","TOT","AGRWTH","A","1975",39.3067342246,
"ISR","CPIFORECAST","TOT","AGRWTH","A","1976",31.3108652673,
"ISR","CPIFORECAST","TOT","AGRWTH","A","1977",34.6167168712,
"ISR","CPIFORECAST","TOT","AGRWTH","A","1978",50.5509382326,
"ISR","CPIFORECAST","TOT","AGRWTH","A","1979",78.3100245329,
"ISR","CPIFORECAST","TOT","AGRWTH","A","1980",131.0249983408,
"ISR","CPIFORECAST","TOT","AGRWTH","A","1981",116.8000079029,
"ISR","CPIFORECAST","TOT","AGRWTH","A","1982",120.3643919984,
"ISR","CPIFORECAST","TOT","AGRWTH","A","1983",145.9515086171,
"ISR","CPIFORECAST","TOT","AGRWTH","A","1984",373.2156538393,
"ISR","CPIFORECAST","TOT","AGRWTH","A","1985",304.5841681885,
"ISR","CPIFORECAST","TOT","AGRWTH","A","1986",48.1333332994,
"ISR","CPIFORECAST","TOT","AGRWTH","A","1987",19.852610268,
"ISR","CPIFORECAST","TOT","AGRWTH","A","1988",16.2583333572,
"ISR","CPIFORECAST","TOT","AGRWTH","A","1989",20.2494444307,
"ISR","CPIFORECAST","TOT","AGRWTH","A","1990",17.1733429706,
"ISR","CPIFORECAST","TOT","AGRWTH","A","1991",19.005952073,
"ISR","CPIFORECAST","TOT","AGRWTH","A","1992",11.9480186317,
"ISR","CPIFORECAST","TOT","AGRWTH","A","1993",10.9439437682,
"ISR","CPIFORECAST","TOT","AGRWTH","A","1994",12.3499999824,
"ISR","CPIFORECAST","TOT","AGRWTH","A","1995",10.043020349,
"ISR","CPIFORECAST","TOT","AGRWTH","A","1996",11.2766244108,
"ISR","CPIFORECAST","TOT","AGRWTH","A","1997",9.0011508721,
"ISR","CPIFORECAST","TOT","AGRWTH","A","1998",5.4348430288,
"ISR","CPIFORECAST","TOT","AGRWTH","A","1999",5.1999999954,
"ISR","CPIFORECAST","TOT","AGRWTH","A","2000",1.1248415818,
"ISR","CPIFORECAST","TOT","AGRWTH","A","2001",1.1000000008,
"ISR","CPIFORECAST","TOT","AGRWTH","A","2002",5.6874381822,
"ISR","CPIFORECAST","TOT","AGRWTH","A","2003",0.716666681,
"ISR","CPIFORECAST","TOT","AGRWTH","A","2004",-0.4137018224,
"ISR","CPIFORECAST","TOT","AGRWTH","A","2005",1.3293453004,
"ISR","CPIFORECAST","TOT","AGRWTH","A","2006",2.1072482915,
"ISR","CPIFORECAST","TOT","AGRWTH","A","2007",0.4916666625,
"ISR","CPIFORECAST","TOT","AGRWTH","A","2008",4.5940791011,
"ISR","CPIFORECAST","TOT","AGRWTH","A","2009",3.325,
"ISR","CPIFORECAST","TOT","AGRWTH","A","2010",2.693765637,
"ISR","CPIFORECAST","TOT","AGRWTH","A","2011",3.4583333365,
"ISR","CPIFORECAST","TOT","AGRWTH","A","2012",1.707611723,
"ISR","CPIFORECAST","TOT","AGRWTH","A","2013",1.5500001261,
"ISR","CPIFORECAST","TOT","AGRWTH","A","2014",0.4759558402,
"ISR","CPIFORECAST","TOT","AGRWTH","A","2015",-0.5999999354,
"ISR","CPIFORECAST","TOT","AGRWTH","A","2016",-0.5449363468,
"ISR","CPIFORECAST","TOT","AGRWTH","A","2017",0.2422322285,
"ISR","CPIFORECAST","TOT","AGRWTH","A","2018",0.8667997661,
"ISR","CPIFORECAST","TOT","AGRWTH","A","2019",1.4347563112,
"ISR","CPIFORECAST","TOT","AGRWTH","A","2020",1.4,
"RUS","CPIFORECAST","TOT","AGRWTH","A","1996",47.7520141392,
"RUS","CPIFORECAST","TOT","AGRWTH","A","1997",14.7613174462,
"RUS","CPIFORECAST","TOT","AGRWTH","A","1998",27.6856906831,
"RUS","CPIFORECAST","TOT","AGRWTH","A","1999",85.7464872975,
"RUS","CPIFORECAST","TOT","AGRWTH","A","2000",20.7987668852,
"RUS","CPIFORECAST","TOT","AGRWTH","A","2001",21.4770072243,
"RUS","CPIFORECAST","TOT","AGRWTH","A","2002",15.7887299238,
"RUS","CPIFORECAST","TOT","AGRWTH","A","2003",13.6632919355,
"RUS","CPIFORECAST","TOT","AGRWTH","A","2004",10.8886145503,
"RUS","CPIFORECAST","TOT","AGRWTH","A","2005",12.6853064834,
"RUS","CPIFORECAST","TOT","AGRWTH","A","2006",9.6686554445,
"RUS","CPIFORECAST","TOT","AGRWTH","A","2007",9.0072958604,
"RUS","CPIFORECAST","TOT","AGRWTH","A","2008",14.1107685951,
"RUS","CPIFORECAST","TOT","AGRWTH","A","2009",11.6473292724,
"RUS","CPIFORECAST","TOT","AGRWTH","A","2010",6.8493921304,
"RUS","CPIFORECAST","TOT","AGRWTH","A","2011",8.4404707566,
"RUS","CPIFORECAST","TOT","AGRWTH","A","2012",5.074732665,
"RUS","CPIFORECAST","TOT","AGRWTH","A","2013",6.7546719598,
"RUS","CPIFORECAST","TOT","AGRWTH","A","2014",7.8201696861,
"RUS","CPIFORECAST","TOT","AGRWTH","A","2015",15.5343993066,
"RUS","CPIFORECAST","TOT","AGRWTH","A","2016",7.0424355653,
"RUS","CPIFORECAST","TOT","AGRWTH","A","2017",3.6833343883,
"RUS","CPIFORECAST","TOT","AGRWTH","A","2018",2.9299602897,
"RUS","CPIFORECAST","TOT","AGRWTH","A","2019",5.0173472996,
"RUS","CPIFORECAST","TOT","AGRWTH","A","2020",3.9814900421,
"ZAF","CPIFORECAST","TOT","AGRWTH","A","2001",5.6370494573,
"ZAF","CPIFORECAST","TOT","AGRWTH","A","2002",9.1450109105,
"ZAF","CPIFORECAST","TOT","AGRWTH","A","2003",5.8705925118,
"ZAF","CPIFORECAST","TOT","AGRWTH","A","2004",1.4248927039,
"ZAF","CPIFORECAST","TOT","AGRWTH","A","2005",3.3513879485,
"ZAF","CPIFORECAST","TOT","AGRWTH","A","2006",4.6184081232,
"ZAF","CPIFORECAST","TOT","AGRWTH","A","2007",7.1540388228,
"ZAF","CPIFORECAST","TOT","AGRWTH","A","2008",11.5266617969,
"ZAF","CPIFORECAST","TOT","AGRWTH","A","2009",6.6020434897,
"ZAF","CPIFORECAST","TOT","AGRWTH","A","2010",4.2639469157,
"ZAF","CPIFORECAST","TOT","AGRWTH","A","2011",4.9852681202,
"ZAF","CPIFORECAST","TOT","AGRWTH","A","2012",5.6241580602,
"ZAF","CPIFORECAST","TOT","AGRWTH","A","2013",5.7604421299,
"ZAF","CPIFORECAST","TOT","AGRWTH","A","2014",6.0898402171,
"ZAF","CPIFORECAST","TOT","AGRWTH","A","2015",4.5751633987,
"ZAF","CPIFORECAST","TOT","AGRWTH","A","2016",6.3405797101,
"ZAF","CPIFORECAST","TOT","AGRWTH","A","2017",5.2725724033,
"ZAF","CPIFORECAST","TOT","AGRWTH","A","2018",4.5303777986,
"ZAF","CPIFORECAST","TOT","AGRWTH","A","2019",5.5878460662,
"ZAF","CPIFORECAST","TOT","AGRWTH","A","2020",5.5290581415,
"OECD","CPIFORECAST","TOT","AGRWTH","A","1991",8.0222643702,
"OECD","CPIFORECAST","TOT","AGRWTH","A","1992",6.3997124163,
"OECD","CPIFORECAST","TOT","AGRWTH","A","1993",5.6084269722,
"OECD","CPIFORECAST","TOT","AGRWTH","A","1994",6.3394905451,
"OECD","CPIFORECAST","TOT","AGRWTH","A","1995",7.0075148313,
"OECD","CPIFORECAST","TOT","AGRWTH","A","1996",5.9838987342,
"OECD","CPIFORECAST","TOT","AGRWTH","A","1997",5.2661347517,
"OECD","CPIFORECAST","TOT","AGRWTH","A","1998",4.5921242596,
"OECD","CPIFORECAST","TOT","AGRWTH","A","1999",3.4450274136,
"OECD","CPIFORECAST","TOT","AGRWTH","A","2000",3.6286640417,
"OECD","CPIFORECAST","TOT","AGRWTH","A","2001",3.3607355182,
"OECD","CPIFORECAST","TOT","AGRWTH","A","2002",2.5795923825,
"OECD","CPIFORECAST","TOT","AGRWTH","A","2003",2.3023582309,
"OECD","CPIFORECAST","TOT","AGRWTH","A","2004",2.2945919803,
"OECD","CPIFORECAST","TOT","AGRWTH","A","2005",2.3812826791,
"OECD","CPIFORECAST","TOT","AGRWTH","A","2006",2.4761051747,
"OECD","CPIFORECAST","TOT","AGRWTH","A","2007",2.3929103706,
"OECD","CPIFORECAST","TOT","AGRWTH","A","2008",3.4129579207,
"OECD","CPIFORECAST","TOT","AGRWTH","A","2009",0.6711469019,
"OECD","CPIFORECAST","TOT","AGRWTH","A","2010",1.9155940271,
"OECD","CPIFORECAST","TOT","AGRWTH","A","2011",2.67160824,
"OECD","CPIFORECAST","TOT","AGRWTH","A","2012",2.2674388759,
"OECD","CPIFORECAST","TOT","AGRWTH","A","2013",1.6196235945,
"OECD","CPIFORECAST","TOT","AGRWTH","A","2014",1.7041646252,
"OECD","CPIFORECAST","TOT","AGRWTH","A","2015",0.6852276714,
"OECD","CPIFORECAST","TOT","AGRWTH","A","2016",1.0430140185,
"OECD","CPIFORECAST","TOT","AGRWTH","A","2017",2.1835789887,
"OECD","CPIFORECAST","TOT","AGRWTH","A","2018",2.5810743682,
"OECD","CPIFORECAST","TOT","AGRWTH","A","2019",2.7744287654,
"OECD","CPIFORECAST","TOT","AGRWTH","A","2020",2.5699557999,
"COL","CPIFORECAST","TOT","AGRWTH","A","1962",4.6971646328,
"COL","CPIFORECAST","TOT","AGRWTH","A","1963",26.3552499698,
"COL","CPIFORECAST","TOT","AGRWTH","A","1964",17.0725575168,
"COL","CPIFORECAST","TOT","AGRWTH","A","1965",7.5907252862,
"COL","CPIFORECAST","TOT","AGRWTH","A","1966",16.7280303458,
"COL","CPIFORECAST","TOT","AGRWTH","A","1967",8.3282740849,
"COL","CPIFORECAST","TOT","AGRWTH","A","1968",7.4474255465,
"COL","CPIFORECAST","TOT","AGRWTH","A","1969",6.9816782905,
"COL","CPIFORECAST","TOT","AGRWTH","A","1970",6.9086395519,
"COL","CPIFORECAST","TOT","AGRWTH","A","1971",11.5099453543,
"COL","CPIFORECAST","TOT","AGRWTH","A","1972",13.6400206808,
"COL","CPIFORECAST","TOT","AGRWTH","A","1973",21.2198646428,
"COL","CPIFORECAST","TOT","AGRWTH","A","1974",24.5822540455,
"COL","CPIFORECAST","TOT","AGRWTH","A","1975",23.1665574438,
"COL","CPIFORECAST","TOT","AGRWTH","A","1976",20.1174956731,
"COL","CPIFORECAST","TOT","AGRWTH","A","1977",33.7134642523,
"COL","CPIFORECAST","TOT","AGRWTH","A","1978",17.3909578445,
"COL","CPIFORECAST","TOT","AGRWTH","A","1979",24.4869577141,
"COL","CPIFORECAST","TOT","AGRWTH","A","1980",26.5335432308,
"COL","CPIFORECAST","TOT","AGRWTH","A","1981",27.5042290384,
"COL","CPIFORECAST","TOT","AGRWTH","A","1982",24.5614511659,
"COL","CPIFORECAST","TOT","AGRWTH","A","1983",19.7308075027,
"COL","CPIFORECAST","TOT","AGRWTH","A","1984",16.1553500806,
"COL","CPIFORECAST","TOT","AGRWTH","A","1985",24.0456962034,
"COL","CPIFORECAST","TOT","AGRWTH","A","1986",18.8723269746,
"COL","CPIFORECAST","TOT","AGRWTH","A","1987",23.3006262178,
"COL","CPIFORECAST","TOT","AGRWTH","A","1988",28.1087652334,
"COL","CPIFORECAST","TOT","AGRWTH","A","1989",25.866258327,
"COL","CPIFORECAST","TOT","AGRWTH","A","1990",29.1454698093,
"COL","CPIFORECAST","TOT","AGRWTH","A","1991",30.3738160821,
"COL","CPIFORECAST","TOT","AGRWTH","A","1992",27.0225974503,
"COL","CPIFORECAST","TOT","AGRWTH","A","1993",22.4384132014,
"COL","CPIFORECAST","TOT","AGRWTH","A","1994",22.8478587193,
"COL","CPIFORECAST","TOT","AGRWTH","A","1995",20.8934669221,
"COL","CPIFORECAST","TOT","AGRWTH","A","1996",20.7980080059,
"COL","CPIFORECAST","TOT","AGRWTH","A","1997",18.4681272798,
"COL","CPIFORECAST","TOT","AGRWTH","A","1998",18.6762018686,
"COL","CPIFORECAST","TOT","AGRWTH","A","1999",10.8747442586,
"COL","CPIFORECAST","TOT","AGRWTH","A","2000",9.2211331678,
"COL","CPIFORECAST","TOT","AGRWTH","A","2001",7.9684681504,
"COL","CPIFORECAST","TOT","AGRWTH","A","2002",6.3501254973,
"COL","CPIFORECAST","TOT","AGRWTH","A","2003",7.1311861681,
"COL","CPIFORECAST","TOT","AGRWTH","A","2004",5.9046781125,
"COL","CPIFORECAST","TOT","AGRWTH","A","2005",5.0481161547,
"COL","CPIFORECAST","TOT","AGRWTH","A","2006",4.2963333054,
"COL","CPIFORECAST","TOT","AGRWTH","A","2007",5.5437539119,
"COL","CPIFORECAST","TOT","AGRWTH","A","2008",6.9976614709,
"COL","CPIFORECAST","TOT","AGRWTH","A","2009",4.2021410849,
"COL","CPIFORECAST","TOT","AGRWTH","A","2010",2.2712571907,
"COL","CPIFORECAST","TOT","AGRWTH","A","2011",3.4152364195,
"COL","CPIFORECAST","TOT","AGRWTH","A","2012",3.1684806619,
"COL","CPIFORECAST","TOT","AGRWTH","A","2013",2.0177918316,
"COL","CPIFORECAST","TOT","AGRWTH","A","2014",2.8994304475,
"COL","CPIFORECAST","TOT","AGRWTH","A","2015",4.9901080579,
"COL","CPIFORECAST","TOT","AGRWTH","A","2016",7.5130874193,
"COL","CPIFORECAST","TOT","AGRWTH","A","2017",4.3147572561,
"COL","CPIFORECAST","TOT","AGRWTH","A","2018",3.1783195572,
"COL","CPIFORECAST","TOT","AGRWTH","A","2019",3.2328612603,
"COL","CPIFORECAST","TOT","AGRWTH","A","2020",3.338276653,
"AUT","CPIFORECAST","TOT","AGRWTH","A","1991",3.108555837,
"AUT","CPIFORECAST","TOT","AGRWTH","A","1992",3.4401285323,
"AUT","CPIFORECAST","TOT","AGRWTH","A","1993",3.2252169941,
"AUT","CPIFORECAST","TOT","AGRWTH","A","1994",2.6995928483,
"AUT","CPIFORECAST","TOT","AGRWTH","A","1995",1.6202706197,
"AUT","CPIFORECAST","TOT","AGRWTH","A","1996",1.7740172693,
"AUT","CPIFORECAST","TOT","AGRWTH","A","1997",1.1634117456,
"AUT","CPIFORECAST","TOT","AGRWTH","A","1998",0.8206317143,
"AUT","CPIFORECAST","TOT","AGRWTH","A","1999",0.5145543754,
"AUT","CPIFORECAST","TOT","AGRWTH","A","2000",1.9570757121,
"AUT","CPIFORECAST","TOT","AGRWTH","A","2001",2.2994123724,
"AUT","CPIFORECAST","TOT","AGRWTH","A","2002",1.6819953742,
"AUT","CPIFORECAST","TOT","AGRWTH","A","2003",1.3017663014,
"AUT","CPIFORECAST","TOT","AGRWTH","A","2004",1.9649803397,
"AUT","CPIFORECAST","TOT","AGRWTH","A","2005",2.1028689584,
"AUT","CPIFORECAST","TOT","AGRWTH","A","2006",1.6869348616,
"AUT","CPIFORECAST","TOT","AGRWTH","A","2007",2.2006472492,
"AUT","CPIFORECAST","TOT","AGRWTH","A","2008",3.2250207044,
"AUT","CPIFORECAST","TOT","AGRWTH","A","2009",0.4020954269,
"AUT","CPIFORECAST","TOT","AGRWTH","A","2010",1.6940707524,
"AUT","CPIFORECAST","TOT","AGRWTH","A","2011",3.5507936361,
"AUT","CPIFORECAST","TOT","AGRWTH","A","2012",2.5719999286,
"AUT","CPIFORECAST","TOT","AGRWTH","A","2013",2.1175856217,
"AUT","CPIFORECAST","TOT","AGRWTH","A","2014",1.4608618574,
"AUT","CPIFORECAST","TOT","AGRWTH","A","2015",0.8047579846,
"AUT","CPIFORECAST","TOT","AGRWTH","A","2016",0.9708333333,
"AUT","CPIFORECAST","TOT","AGRWTH","A","2017",2.2308422395,
"AUT","CPIFORECAST","TOT","AGRWTH","A","2018",2.0945346318,
"AUT","CPIFORECAST","TOT","AGRWTH","A","2019",2.1277408621,
"AUT","CPIFORECAST","TOT","AGRWTH","A","2020",1.9920258706,
"BEL","CPIFORECAST","TOT","AGRWTH","A","1992",2.2486406778,
"BEL","CPIFORECAST","TOT","AGRWTH","A","1993",2.4876070302,
"BEL","CPIFORECAST","TOT","AGRWTH","A","1994",2.3920499516,
"BEL","CPIFORECAST","TOT","AGRWTH","A","1995",1.2711500472,
"BEL","CPIFORECAST","TOT","AGRWTH","A","1996",1.7754887273,
"BEL","CPIFORECAST","TOT","AGRWTH","A","1997",1.5028792376,
"BEL","CPIFORECAST","TOT","AGRWTH","A","1998",0.9074811864,
"BEL","CPIFORECAST","TOT","AGRWTH","A","1999",1.1348287367,
"BEL","CPIFORECAST","TOT","AGRWTH","A","2000",2.6791014109,
"BEL","CPIFORECAST","TOT","AGRWTH","A","2001",2.4346588698,
"BEL","CPIFORECAST","TOT","AGRWTH","A","2002",1.5476280917,
"BEL","CPIFORECAST","TOT","AGRWTH","A","2003",1.5165603258,
"BEL","CPIFORECAST","TOT","AGRWTH","A","2004",1.8571157855,
"BEL","CPIFORECAST","TOT","AGRWTH","A","2005",2.5374677003,
"BEL","CPIFORECAST","TOT","AGRWTH","A","2006",2.327503654,
"BEL","CPIFORECAST","TOT","AGRWTH","A","2007",1.816498217,
"BEL","CPIFORECAST","TOT","AGRWTH","A","2008",4.489250953,
"BEL","CPIFORECAST","TOT","AGRWTH","A","2009",-0.0064816015,
"BEL","CPIFORECAST","TOT","AGRWTH","A","2010",2.333527794,
"BEL","CPIFORECAST","TOT","AGRWTH","A","2011",3.3526074327,
"BEL","CPIFORECAST","TOT","AGRWTH","A","2012",2.6257266933,
"BEL","CPIFORECAST","TOT","AGRWTH","A","2013",1.2481337713,
"BEL","CPIFORECAST","TOT","AGRWTH","A","2014",0.490402602,
"BEL","CPIFORECAST","TOT","AGRWTH","A","2015",0.6196545363,
"BEL","CPIFORECAST","TOT","AGRWTH","A","2016",1.7700147501,
"BEL","CPIFORECAST","TOT","AGRWTH","A","2017",2.2239872912,
"BEL","CPIFORECAST","TOT","AGRWTH","A","2018",2.2857523989,
"BEL","CPIFORECAST","TOT","AGRWTH","A","2019",2.239878638,
"BEL","CPIFORECAST","TOT","AGRWTH","A","2020",1.9556473929,
"FIN","CPIFORECAST","TOT","AGRWTH","A","1991",4.5524247655,
"FIN","CPIFORECAST","TOT","AGRWTH","A","1992",3.2450270419,
"FIN","CPIFORECAST","TOT","AGRWTH","A","1993",3.3294859274,
"FIN","CPIFORECAST","TOT","AGRWTH","A","1994",1.606805293,
"FIN","CPIFORECAST","TOT","AGRWTH","A","1995",0.3974630021,
"FIN","CPIFORECAST","TOT","AGRWTH","A","1996",1.0722614252,
"FIN","CPIFORECAST","TOT","AGRWTH","A","1997",1.2168501231,
"FIN","CPIFORECAST","TOT","AGRWTH","A","1998",1.3490570367,
"FIN","CPIFORECAST","TOT","AGRWTH","A","1999",1.3095938788,
"FIN","CPIFORECAST","TOT","AGRWTH","A","2000",2.9517904028,
"FIN","CPIFORECAST","TOT","AGRWTH","A","2001",2.6653065211,
"FIN","CPIFORECAST","TOT","AGRWTH","A","2002",2.0073359196,
"FIN","CPIFORECAST","TOT","AGRWTH","A","2003",1.290128702,
"FIN","CPIFORECAST","TOT","AGRWTH","A","2004",0.1473190993,
"FIN","CPIFORECAST","TOT","AGRWTH","A","2005",0.7743306331,
"FIN","CPIFORECAST","TOT","AGRWTH","A","2006",1.2752283348,
"FIN","CPIFORECAST","TOT","AGRWTH","A","2007",1.5834726295,
"FIN","CPIFORECAST","TOT","AGRWTH","A","2008",3.915695297,
"FIN","CPIFORECAST","TOT","AGRWTH","A","2009",1.6337483288,
"FIN","CPIFORECAST","TOT","AGRWTH","A","2010",1.6858544959,
"FIN","CPIFORECAST","TOT","AGRWTH","A","2011",3.3240666832,
"FIN","CPIFORECAST","TOT","AGRWTH","A","2012",3.1620728848,
"FIN","CPIFORECAST","TOT","AGRWTH","A","2013",2.2155848404,
"FIN","CPIFORECAST","TOT","AGRWTH","A","2014",1.2092529747,
"FIN","CPIFORECAST","TOT","AGRWTH","A","2015",-0.1555908709,
"FIN","CPIFORECAST","TOT","AGRWTH","A","2016",0.3891666667,
"FIN","CPIFORECAST","TOT","AGRWTH","A","2017",0.8392339802,
"FIN","CPIFORECAST","TOT","AGRWTH","A","2018",1.136151548,
"FIN","CPIFORECAST","TOT","AGRWTH","A","2019",1.3225177401,
"FIN","CPIFORECAST","TOT","AGRWTH","A","2020",1.7346685973,
"FRA","CPIFORECAST","TOT","AGRWTH","A","1991",3.4045393861,
"FRA","CPIFORECAST","TOT","AGRWTH","A","1992",2.4531956101,
"FRA","CPIFORECAST","TOT","AGRWTH","A","1993",2.2234224503,
"FRA","CPIFORECAST","TOT","AGRWTH","A","1994",1.6819302571,
"FRA","CPIFORECAST","TOT","AGRWTH","A","1995",1.7926734217,
"FRA","CPIFORECAST","TOT","AGRWTH","A","1996",2.0629398005,
"FRA","CPIFORECAST","TOT","AGRWTH","A","1997",1.2689198056,
"FRA","CPIFORECAST","TOT","AGRWTH","A","1998",0.6753788711,
"FRA","CPIFORECAST","TOT","AGRWTH","A","1999",0.5737660213,
"FRA","CPIFORECAST","TOT","AGRWTH","A","2000",1.8123447685,
"FRA","CPIFORECAST","TOT","AGRWTH","A","2001",1.7822140787,
"FRA","CPIFORECAST","TOT","AGRWTH","A","2002",1.9383536553,
"FRA","CPIFORECAST","TOT","AGRWTH","A","2003",2.1715247903,
"FRA","CPIFORECAST","TOT","AGRWTH","A","2004",2.33640164,
"FRA","CPIFORECAST","TOT","AGRWTH","A","2005",1.8892936752,
"FRA","CPIFORECAST","TOT","AGRWTH","A","2006",1.8918476113,
"FRA","CPIFORECAST","TOT","AGRWTH","A","2007",1.6022851954,
"FRA","CPIFORECAST","TOT","AGRWTH","A","2008",3.1596194306,
"FRA","CPIFORECAST","TOT","AGRWTH","A","2009",0.1019745154,
"FRA","CPIFORECAST","TOT","AGRWTH","A","2010",1.7390128465,
"FRA","CPIFORECAST","TOT","AGRWTH","A","2011",2.2914562178,
"FRA","CPIFORECAST","TOT","AGRWTH","A","2012",2.2184684685,
"FRA","CPIFORECAST","TOT","AGRWTH","A","2013",0.9898221202,
"FRA","CPIFORECAST","TOT","AGRWTH","A","2014",0.6108971293,
"FRA","CPIFORECAST","TOT","AGRWTH","A","2015",0.0867411195,
"FRA","CPIFORECAST","TOT","AGRWTH","A","2016",0.3049974584,
"FRA","CPIFORECAST","TOT","AGRWTH","A","2017",1.1622786973,
"FRA","CPIFORECAST","TOT","AGRWTH","A","2018",2.1502556004,
"FRA","CPIFORECAST","TOT","AGRWTH","A","2019",1.8394067086,
"FRA","CPIFORECAST","TOT","AGRWTH","A","2020",1.8412375158,
"DEU","CPIFORECAST","TOT","AGRWTH","A","1996",1.2718113813,
"DEU","CPIFORECAST","TOT","AGRWTH","A","1997",1.5100120363,
"DEU","CPIFORECAST","TOT","AGRWTH","A","1998",0.6036434192,
"DEU","CPIFORECAST","TOT","AGRWTH","A","1999",0.6428801029,
"DEU","CPIFORECAST","TOT","AGRWTH","A","2000",1.3733631428,
"DEU","CPIFORECAST","TOT","AGRWTH","A","2001",1.9008611636,
"DEU","CPIFORECAST","TOT","AGRWTH","A","2002",1.3707100897,
"DEU","CPIFORECAST","TOT","AGRWTH","A","2003",1.0471736478,
"DEU","CPIFORECAST","TOT","AGRWTH","A","2004",1.7708018915,
"DEU","CPIFORECAST","TOT","AGRWTH","A","2005",1.9476025704,
"DEU","CPIFORECAST","TOT","AGRWTH","A","2006",1.794026377,
"DEU","CPIFORECAST","TOT","AGRWTH","A","2007",2.2577879394,
"DEU","CPIFORECAST","TOT","AGRWTH","A","2008",2.7575926961,
"DEU","CPIFORECAST","TOT","AGRWTH","A","2009",0.2357207616,
"DEU","CPIFORECAST","TOT","AGRWTH","A","2010",1.1486975398,
"DEU","CPIFORECAST","TOT","AGRWTH","A","2011",2.4859161227,
"DEU","CPIFORECAST","TOT","AGRWTH","A","2012",2.1202338365,
"DEU","CPIFORECAST","TOT","AGRWTH","A","2013",1.5977443609,
"DEU","CPIFORECAST","TOT","AGRWTH","A","2014",0.7821041124,
"DEU","CPIFORECAST","TOT","AGRWTH","A","2015",0.1335113485,
"DEU","CPIFORECAST","TOT","AGRWTH","A","2016",0.375,
"DEU","CPIFORECAST","TOT","AGRWTH","A","2017",1.7019510162,
"DEU","CPIFORECAST","TOT","AGRWTH","A","2018",1.8677595887,
"DEU","CPIFORECAST","TOT","AGRWTH","A","2019",2.1661640224,
"DEU","CPIFORECAST","TOT","AGRWTH","A","2020",2.1593513173,
"GRC","CPIFORECAST","TOT","AGRWTH","A","1996",7.871795546,
"GRC","CPIFORECAST","TOT","AGRWTH","A","1997",5.4412244454,
"GRC","CPIFORECAST","TOT","AGRWTH","A","1998",4.5171520285,
"GRC","CPIFORECAST","TOT","AGRWTH","A","1999",2.1412272587,
"GRC","CPIFORECAST","TOT","AGRWTH","A","2000",2.8969581336,
"GRC","CPIFORECAST","TOT","AGRWTH","A","2001",3.6415913625,
"GRC","CPIFORECAST","TOT","AGRWTH","A","2002",3.9212799928,
"GRC","CPIFORECAST","TOT","AGRWTH","A","2003",3.4497036262,
"GRC","CPIFORECAST","TOT","AGRWTH","A","2004",3.0197383666,
"GRC","CPIFORECAST","TOT","AGRWTH","A","2005",3.4863867333,
"GRC","CPIFORECAST","TOT","AGRWTH","A","2006",3.3136071291,
"GRC","CPIFORECAST","TOT","AGRWTH","A","2007",2.9892993411,
"GRC","CPIFORECAST","TOT","AGRWTH","A","2008",4.2303085451,
"GRC","CPIFORECAST","TOT","AGRWTH","A","2009",1.3469333215,
"GRC","CPIFORECAST","TOT","AGRWTH","A","2010",4.7043518771,
"GRC","CPIFORECAST","TOT","AGRWTH","A","2011",3.1178905128,
"GRC","CPIFORECAST","TOT","AGRWTH","A","2012",1.0347382218,
"GRC","CPIFORECAST","TOT","AGRWTH","A","2013",-0.854122349,
"GRC","CPIFORECAST","TOT","AGRWTH","A","2014",-1.3938103443,
"GRC","CPIFORECAST","TOT","AGRWTH","A","2015",-1.0937203801,
"GRC","CPIFORECAST","TOT","AGRWTH","A","2016",0.0133331111,
"GRC","CPIFORECAST","TOT","AGRWTH","A","2017",1.138162609,
"GRC","CPIFORECAST","TOT","AGRWTH","A","2018",0.7727199984,
"GRC","CPIFORECAST","TOT","AGRWTH","A","2019",1.3309232433,
"GRC","CPIFORECAST","TOT","AGRWTH","A","2020",1.5406946637,
"IRL","CPIFORECAST","TOT","AGRWTH","A","1996",2.1482411789,
"IRL","CPIFORECAST","TOT","AGRWTH","A","1997",1.2536162006,
"IRL","CPIFORECAST","TOT","AGRWTH","A","1998",2.1428571429,
"IRL","CPIFORECAST","TOT","AGRWTH","A","1999",2.4475524476,
"IRL","CPIFORECAST","TOT","AGRWTH","A","2000",5.2787258248,
"IRL","CPIFORECAST","TOT","AGRWTH","A","2001",3.9874648801,
"IRL","CPIFORECAST","TOT","AGRWTH","A","2002",4.6970799127,
"IRL","CPIFORECAST","TOT","AGRWTH","A","2003",4.0198511166,
"IRL","CPIFORECAST","TOT","AGRWTH","A","2004",2.2996183206,
"IRL","CPIFORECAST","TOT","AGRWTH","A","2005",2.1826322171,
"IRL","CPIFORECAST","TOT","AGRWTH","A","2006",2.6837060703,
"IRL","CPIFORECAST","TOT","AGRWTH","A","2007",2.8802560228,
"IRL","CPIFORECAST","TOT","AGRWTH","A","2008",3.1193294738,
"IRL","CPIFORECAST","TOT","AGRWTH","A","2009",-1.6926428691,
"IRL","CPIFORECAST","TOT","AGRWTH","A","2010",-1.6109785203,
"IRL","CPIFORECAST","TOT","AGRWTH","A","2011",1.2128562765,
"IRL","CPIFORECAST","TOT","AGRWTH","A","2012",1.9001968672,
"IRL","CPIFORECAST","TOT","AGRWTH","A","2013",0.5291894162,
"IRL","CPIFORECAST","TOT","AGRWTH","A","2014",0.300802139,
"IRL","CPIFORECAST","TOT","AGRWTH","A","2015",-0.0333222259,
"IRL","CPIFORECAST","TOT","AGRWTH","A","2016",-0.2083333333,
"IRL","CPIFORECAST","TOT","AGRWTH","A","2017",0.2588726512,
"IRL","CPIFORECAST","TOT","AGRWTH","A","2018",0.8167597675,
"IRL","CPIFORECAST","TOT","AGRWTH","A","2019",1.9424993479,
"IRL","CPIFORECAST","TOT","AGRWTH","A","2020",2.2451405684,
"ITA","CPIFORECAST","TOT","AGRWTH","A","1991",6.2174443089,
"ITA","CPIFORECAST","TOT","AGRWTH","A","1992",4.9770450751,
"ITA","CPIFORECAST","TOT","AGRWTH","A","1993",4.5124739092,
"ITA","CPIFORECAST","TOT","AGRWTH","A","1994",4.1749881122,
"ITA","CPIFORECAST","TOT","AGRWTH","A","1995",5.3861603067,
"ITA","CPIFORECAST","TOT","AGRWTH","A","1996",4.0005903339,
"ITA","CPIFORECAST","TOT","AGRWTH","A","1997",1.9102080545,
"ITA","CPIFORECAST","TOT","AGRWTH","A","1998",1.9460362942,
"ITA","CPIFORECAST","TOT","AGRWTH","A","1999",1.6395362455,
"ITA","CPIFORECAST","TOT","AGRWTH","A","2000",2.6155086992,
"ITA","CPIFORECAST","TOT","AGRWTH","A","2001",2.3242757691,
"ITA","CPIFORECAST","TOT","AGRWTH","A","2002",2.6116536816,
"ITA","CPIFORECAST","TOT","AGRWTH","A","2003",2.8125334189,
"ITA","CPIFORECAST","TOT","AGRWTH","A","2004",2.257125026,
"ITA","CPIFORECAST","TOT","AGRWTH","A","2005",2.2073034279,
"ITA","CPIFORECAST","TOT","AGRWTH","A","2006",2.2292993631,
"ITA","CPIFORECAST","TOT","AGRWTH","A","2007",2.0249221184,
"ITA","CPIFORECAST","TOT","AGRWTH","A","2008",3.4923664122,
"ITA","CPIFORECAST","TOT","AGRWTH","A","2009",0.7652590817,
"ITA","CPIFORECAST","TOT","AGRWTH","A","2010",1.6195443316,
"ITA","CPIFORECAST","TOT","AGRWTH","A","2011",2.9353502611,
"ITA","CPIFORECAST","TOT","AGRWTH","A","2012",3.3152554234,
"ITA","CPIFORECAST","TOT","AGRWTH","A","2013",1.2446024892,
"ITA","CPIFORECAST","TOT","AGRWTH","A","2014",0.2341528684,
"ITA","CPIFORECAST","TOT","AGRWTH","A","2015",0.1084598698,
"ITA","CPIFORECAST","TOT","AGRWTH","A","2016",-0.050004167,
"ITA","CPIFORECAST","TOT","AGRWTH","A","2017",1.3257733689,
"ITA","CPIFORECAST","TOT","AGRWTH","A","2018",1.3356765236,
"ITA","CPIFORECAST","TOT","AGRWTH","A","2019",1.5648559768,
"ITA","CPIFORECAST","TOT","AGRWTH","A","2020",1.3895015322,
"LUX","CPIFORECAST","TOT","AGRWTH","A","1996",1.1577859197,
"LUX","CPIFORECAST","TOT","AGRWTH","A","1997",1.382769348,
"LUX","CPIFORECAST","TOT","AGRWTH","A","1998",0.9693903111,
"LUX","CPIFORECAST","TOT","AGRWTH","A","1999",1.0183829914,
"LUX","CPIFORECAST","TOT","AGRWTH","A","2000",3.7782880438,
"LUX","CPIFORECAST","TOT","AGRWTH","A","2001",2.4030952719,
"LUX","CPIFORECAST","TOT","AGRWTH","A","2002",2.0543750794,
"LUX","CPIFORECAST","TOT","AGRWTH","A","2003",2.5281630342,
"LUX","CPIFORECAST","TOT","AGRWTH","A","2004",3.2432253362,
"LUX","CPIFORECAST","TOT","AGRWTH","A","2005",3.7649072143,
"LUX","CPIFORECAST","TOT","AGRWTH","A","2006",2.9593361851,
"LUX","CPIFORECAST","TOT","AGRWTH","A","2007",2.6510221653,
"LUX","CPIFORECAST","TOT","AGRWTH","A","2008",4.0923010904,
"LUX","CPIFORECAST","TOT","AGRWTH","A","2009",0.0084324932,
"LUX","CPIFORECAST","TOT","AGRWTH","A","2010",2.7984148249,
"LUX","CPIFORECAST","TOT","AGRWTH","A","2011",3.7320234038,
"LUX","CPIFORECAST","TOT","AGRWTH","A","2012",2.8922606549,
"LUX","CPIFORECAST","TOT","AGRWTH","A","2013",1.69921358,
"LUX","CPIFORECAST","TOT","AGRWTH","A","2014",0.6951965945,
"LUX","CPIFORECAST","TOT","AGRWTH","A","2015",0.0583668943,
"LUX","CPIFORECAST","TOT","AGRWTH","A","2016",0.0383330139,
"LUX","CPIFORECAST","TOT","AGRWTH","A","2017",2.1091739068,
"LUX","CPIFORECAST","TOT","AGRWTH","A","2018",2.0354103227,
"LUX","CPIFORECAST","TOT","AGRWTH","A","2019",2.1427698121,
"LUX","CPIFORECAST","TOT","AGRWTH","A","2020",2.1213468574,
"NLD","CPIFORECAST","TOT","AGRWTH","A","1991",3.160675535,
"NLD","CPIFORECAST","TOT","AGRWTH","A","1992",2.8260471922,
"NLD","CPIFORECAST","TOT","AGRWTH","A","1993",1.6187850218,
"NLD","CPIFORECAST","TOT","AGRWTH","A","1994",2.1356673961,
"NLD","CPIFORECAST","TOT","AGRWTH","A","1995",1.3797240552,
"NLD","CPIFORECAST","TOT","AGRWTH","A","1996",1.4311008844,
"NLD","CPIFORECAST","TOT","AGRWTH","A","1997",1.8596317058,
"NLD","CPIFORECAST","TOT","AGRWTH","A","1998",1.7769484031,
"NLD","CPIFORECAST","TOT","AGRWTH","A","1999",2.0332134349,
"NLD","CPIFORECAST","TOT","AGRWTH","A","2000",2.3372134281,
"NLD","CPIFORECAST","TOT","AGRWTH","A","2001",5.1190569393,
"NLD","CPIFORECAST","TOT","AGRWTH","A","2002",3.859003277,
"NLD","CPIFORECAST","TOT","AGRWTH","A","2003",2.2342877632,
"NLD","CPIFORECAST","TOT","AGRWTH","A","2004",1.3858270873,
"NLD","CPIFORECAST","TOT","AGRWTH","A","2005",1.4924045504,
"NLD","CPIFORECAST","TOT","AGRWTH","A","2006",1.6496411495,
"NLD","CPIFORECAST","TOT","AGRWTH","A","2007",1.5845492082,
"NLD","CPIFORECAST","TOT","AGRWTH","A","2008",2.2096060809,
"NLD","CPIFORECAST","TOT","AGRWTH","A","2009",0.974349511,
"NLD","CPIFORECAST","TOT","AGRWTH","A","2010",0.931137834,
"NLD","CPIFORECAST","TOT","AGRWTH","A","2011",2.4752161514,
"NLD","CPIFORECAST","TOT","AGRWTH","A","2012",2.8244794105,
"NLD","CPIFORECAST","TOT","AGRWTH","A","2013",2.5621638341,
"NLD","CPIFORECAST","TOT","AGRWTH","A","2014",0.3183432746,
"NLD","CPIFORECAST","TOT","AGRWTH","A","2015",0.2121121021,
"NLD","CPIFORECAST","TOT","AGRWTH","A","2016",0.1041649306,
"NLD","CPIFORECAST","TOT","AGRWTH","A","2017",1.2936309065,
"NLD","CPIFORECAST","TOT","AGRWTH","A","2018",1.6535085809,
"NLD","CPIFORECAST","TOT","AGRWTH","A","2019",2.5274590777,
"NLD","CPIFORECAST","TOT","AGRWTH","A","2020",2.0288195572,
"PRT","CPIFORECAST","TOT","AGRWTH","A","1991",11.4278840378,
"PRT","CPIFORECAST","TOT","AGRWTH","A","1992",8.8632192594,
"PRT","CPIFORECAST","TOT","AGRWTH","A","1993",5.930186434,
"PRT","CPIFORECAST","TOT","AGRWTH","A","1994",4.9709792174,
"PRT","CPIFORECAST","TOT","AGRWTH","A","1995",3.9686078659,
"PRT","CPIFORECAST","TOT","AGRWTH","A","1996",2.9352696414,
"PRT","CPIFORECAST","TOT","AGRWTH","A","1997",1.8896833504,
"PRT","CPIFORECAST","TOT","AGRWTH","A","1998",2.2152943334,
"PRT","CPIFORECAST","TOT","AGRWTH","A","1999",2.169674788,
"PRT","CPIFORECAST","TOT","AGRWTH","A","2000",2.8049308718,
"PRT","CPIFORECAST","TOT","AGRWTH","A","2001",4.4103077992,
"PRT","CPIFORECAST","TOT","AGRWTH","A","2002",3.7005125968,
"PRT","CPIFORECAST","TOT","AGRWTH","A","2003",3.2371717342,
"PRT","CPIFORECAST","TOT","AGRWTH","A","2004",2.5101618769,
"PRT","CPIFORECAST","TOT","AGRWTH","A","2005",2.129689441,
"PRT","CPIFORECAST","TOT","AGRWTH","A","2006",3.045695158,
"PRT","CPIFORECAST","TOT","AGRWTH","A","2007",2.4221420612,
"PRT","CPIFORECAST","TOT","AGRWTH","A","2008",2.651595475,
"PRT","CPIFORECAST","TOT","AGRWTH","A","2009",-0.9026486676,
"PRT","CPIFORECAST","TOT","AGRWTH","A","2010",1.3912302645,
"PRT","CPIFORECAST","TOT","AGRWTH","A","2011",3.5541570945,
"PRT","CPIFORECAST","TOT","AGRWTH","A","2012",2.7761232682,
"PRT","CPIFORECAST","TOT","AGRWTH","A","2013",0.4401105316,
"PRT","CPIFORECAST","TOT","AGRWTH","A","2014",-0.1597190283,
"PRT","CPIFORECAST","TOT","AGRWTH","A","2015",0.5075631941,
"PRT","CPIFORECAST","TOT","AGRWTH","A","2016",0.6358333333,
"PRT","CPIFORECAST","TOT","AGRWTH","A","2017",1.555940146,
"PRT","CPIFORECAST","TOT","AGRWTH","A","2018",1.3165792001,
"PRT","CPIFORECAST","TOT","AGRWTH","A","2019",1.4757524388,
"PRT","CPIFORECAST","TOT","AGRWTH","A","2020",1.3804688264,
"SVK","CPIFORECAST","TOT","AGRWTH","A","1996",5.7781606114,
"SVK","CPIFORECAST","TOT","AGRWTH","A","1997",6.0137098152,
"SVK","CPIFORECAST","TOT","AGRWTH","A","1998",6.6863693355,
"SVK","CPIFORECAST","TOT","AGRWTH","A","1999",10.4460822994,
"SVK","CPIFORECAST","TOT","AGRWTH","A","2000",12.1897089002,
"SVK","CPIFORECAST","TOT","AGRWTH","A","2001",7.1527288494,
"SVK","CPIFORECAST","TOT","AGRWTH","A","2002",3.5026491155,
"SVK","CPIFORECAST","TOT","AGRWTH","A","2003",8.433411115,
"SVK","CPIFORECAST","TOT","AGRWTH","A","2004",7.4732975799,
"SVK","CPIFORECAST","TOT","AGRWTH","A","2005",2.7885814926,
"SVK","CPIFORECAST","TOT","AGRWTH","A","2006",4.2641944334,
"SVK","CPIFORECAST","TOT","AGRWTH","A","2007",1.8898562066,
"SVK","CPIFORECAST","TOT","AGRWTH","A","2008",3.9361763407,
"SVK","CPIFORECAST","TOT","AGRWTH","A","2009",0.9255325045,
"SVK","CPIFORECAST","TOT","AGRWTH","A","2010",0.6946478255,
"SVK","CPIFORECAST","TOT","AGRWTH","A","2011",4.0809648892,
"SVK","CPIFORECAST","TOT","AGRWTH","A","2012",3.7419332303,
"SVK","CPIFORECAST","TOT","AGRWTH","A","2013",1.4638293574,
"SVK","CPIFORECAST","TOT","AGRWTH","A","2014",-0.102043356,
"SVK","CPIFORECAST","TOT","AGRWTH","A","2015",-0.3438138422,
"SVK","CPIFORECAST","TOT","AGRWTH","A","2016",-0.4816666667,
"SVK","CPIFORECAST","TOT","AGRWTH","A","2017",1.3908660048,
"SVK","CPIFORECAST","TOT","AGRWTH","A","2018",2.6747899219,
"SVK","CPIFORECAST","TOT","AGRWTH","A","2019",2.7416822699,
"SVK","CPIFORECAST","TOT","AGRWTH","A","2020",2.9816154,
"ESP","CPIFORECAST","TOT","AGRWTH","A","1993",4.8722519316,
"ESP","CPIFORECAST","TOT","AGRWTH","A","1994",4.62700661,
"ESP","CPIFORECAST","TOT","AGRWTH","A","1995",4.5758122744,
"ESP","CPIFORECAST","TOT","AGRWTH","A","1996",3.5688198463,
"ESP","CPIFORECAST","TOT","AGRWTH","A","1997",1.8790430229,
"ESP","CPIFORECAST","TOT","AGRWTH","A","1998",1.7650171336,
"ESP","CPIFORECAST","TOT","AGRWTH","A","1999",2.2320710103,
"ESP","CPIFORECAST","TOT","AGRWTH","A","2000",3.4851053524,
"ESP","CPIFORECAST","TOT","AGRWTH","A","2001",2.8247794238,
"ESP","CPIFORECAST","TOT","AGRWTH","A","2002",3.5904497451,
"ESP","CPIFORECAST","TOT","AGRWTH","A","2003",3.1034747932,
"ESP","CPIFORECAST","TOT","AGRWTH","A","2004",3.053744193,
"ESP","CPIFORECAST","TOT","AGRWTH","A","2005",3.3840650138,
"ESP","CPIFORECAST","TOT","AGRWTH","A","2006",3.5613205188,
"ESP","CPIFORECAST","TOT","AGRWTH","A","2007",2.8430160692,
"ESP","CPIFORECAST","TOT","AGRWTH","A","2008",4.1306715745,
"ESP","CPIFORECAST","TOT","AGRWTH","A","2009",-0.2389647865,
"ESP","CPIFORECAST","TOT","AGRWTH","A","2010",2.0428455211,
"ESP","CPIFORECAST","TOT","AGRWTH","A","2011",3.0498715564,
"ESP","CPIFORECAST","TOT","AGRWTH","A","2012",2.4361101321,
"ESP","CPIFORECAST","TOT","AGRWTH","A","2013",1.5297859307,
"ESP","CPIFORECAST","TOT","AGRWTH","A","2014",-0.1900983552,
"ESP","CPIFORECAST","TOT","AGRWTH","A","2015",-0.629347466,
"ESP","CPIFORECAST","TOT","AGRWTH","A","2016",-0.3366666667,
"ESP","CPIFORECAST","TOT","AGRWTH","A","2017",2.0360212713,
"ESP","CPIFORECAST","TOT","AGRWTH","A","2018",1.864008783,
"ESP","CPIFORECAST","TOT","AGRWTH","A","2019",1.866857645,
"ESP","CPIFORECAST","TOT","AGRWTH","A","2020",1.73688162,
"GBR","CPIFORECAST","TOT","AGRWTH","A","1991",7.5380501856,
"GBR","CPIFORECAST","TOT","AGRWTH","A","1992",4.2363966721,
"GBR","CPIFORECAST","TOT","AGRWTH","A","1993",2.5321100917,
"GBR","CPIFORECAST","TOT","AGRWTH","A","1994",1.9774516822,
"GBR","CPIFORECAST","TOT","AGRWTH","A","1995",2.7287882776,
"GBR","CPIFORECAST","TOT","AGRWTH","A","1996",2.4704636821,
"GBR","CPIFORECAST","TOT","AGRWTH","A","1997",1.8164204408,
"GBR","CPIFORECAST","TOT","AGRWTH","A","1998",1.5580399619,
"GBR","CPIFORECAST","TOT","AGRWTH","A","1999",1.3467619159,
"GBR","CPIFORECAST","TOT","AGRWTH","A","2000",0.7973191588,
"GBR","CPIFORECAST","TOT","AGRWTH","A","2001",1.2381061561,
"GBR","CPIFORECAST","TOT","AGRWTH","A","2002",1.2342883026,
"GBR","CPIFORECAST","TOT","AGRWTH","A","2003",1.3758389262,
"GBR","CPIFORECAST","TOT","AGRWTH","A","2004",1.3461326272,
"GBR","CPIFORECAST","TOT","AGRWTH","A","2005",2.0359281437,
"GBR","CPIFORECAST","TOT","AGRWTH","A","2006",2.3474178404,
"GBR","CPIFORECAST","TOT","AGRWTH","A","2007",2.3144286906,
"GBR","CPIFORECAST","TOT","AGRWTH","A","2008",3.5969023843,
"GBR","CPIFORECAST","TOT","AGRWTH","A","2009",2.1835349661,
"GBR","CPIFORECAST","TOT","AGRWTH","A","2010",3.3015689672,
"GBR","CPIFORECAST","TOT","AGRWTH","A","2011",4.4632873649,
"GBR","CPIFORECAST","TOT","AGRWTH","A","2012",2.8008206226,
"GBR","CPIFORECAST","TOT","AGRWTH","A","2013",2.568329718,
"GBR","CPIFORECAST","TOT","AGRWTH","A","2014",1.4719566873,
"GBR","CPIFORECAST","TOT","AGRWTH","A","2015",0.050020842,
"GBR","CPIFORECAST","TOT","AGRWTH","A","2016",0.6416131989,
"GBR","CPIFORECAST","TOT","AGRWTH","A","2017",2.6908428541,
"GBR","CPIFORECAST","TOT","AGRWTH","A","2018",2.4995476896,
"GBR","CPIFORECAST","TOT","AGRWTH","A","2019",2.2531380453,
"GBR","CPIFORECAST","TOT","AGRWTH","A","2020",2.0681030842,
"EST","CPIFORECAST","TOT","AGRWTH","A","1997",9.3114012677,
"EST","CPIFORECAST","TOT","AGRWTH","A","1998",8.7818224283,
"EST","CPIFORECAST","TOT","AGRWTH","A","1999",3.0978744287,
"EST","CPIFORECAST","TOT","AGRWTH","A","2000",3.9315145926,
"EST","CPIFORECAST","TOT","AGRWTH","A","2001",5.6262433984,
"EST","CPIFORECAST","TOT","AGRWTH","A","2002",3.5880758808,
"EST","CPIFORECAST","TOT","AGRWTH","A","2003",1.3865634157,
"EST","CPIFORECAST","TOT","AGRWTH","A","2004",3.0383960365,
"EST","CPIFORECAST","TOT","AGRWTH","A","2005",4.1170504489,
"EST","CPIFORECAST","TOT","AGRWTH","A","2006",4.4437228656,
"EST","CPIFORECAST","TOT","AGRWTH","A","2007",6.7452732423,
"EST","CPIFORECAST","TOT","AGRWTH","A","2008",10.6057991025,
"EST","CPIFORECAST","TOT","AGRWTH","A","2009",0.1989545135,
"EST","CPIFORECAST","TOT","AGRWTH","A","2010",2.7408993576,
"EST","CPIFORECAST","TOT","AGRWTH","A","2011",5.0797680852,
"EST","CPIFORECAST","TOT","AGRWTH","A","2012",4.2193332011,
"EST","CPIFORECAST","TOT","AGRWTH","A","2013",3.2465959619,
"EST","CPIFORECAST","TOT","AGRWTH","A","2014",0.4759071981,
"EST","CPIFORECAST","TOT","AGRWTH","A","2015",0.0675455933,
"EST","CPIFORECAST","TOT","AGRWTH","A","2016",0.8,
"EST","CPIFORECAST","TOT","AGRWTH","A","2017",3.6507936506,
"EST","CPIFORECAST","TOT","AGRWTH","A","2018",3.0705686896,
"EST","CPIFORECAST","TOT","AGRWTH","A","2019",2.8640138306,
"EST","CPIFORECAST","TOT","AGRWTH","A","2020",2.75,
"LVA","CPIFORECAST","TOT","AGRWTH","A","1997",8.0737807267,
"LVA","CPIFORECAST","TOT","AGRWTH","A","1998",4.2948633303,
"LVA","CPIFORECAST","TOT","AGRWTH","A","1999",2.1143924287,
"LVA","CPIFORECAST","TOT","AGRWTH","A","2000",2.6332103779,
"LVA","CPIFORECAST","TOT","AGRWTH","A","2001",2.5263889099,
"LVA","CPIFORECAST","TOT","AGRWTH","A","2002",1.9633546411,
"LVA","CPIFORECAST","TOT","AGRWTH","A","2003",2.9396044896,
"LVA","CPIFORECAST","TOT","AGRWTH","A","2004",6.1870281496,
"LVA","CPIFORECAST","TOT","AGRWTH","A","2005",6.8903542969,
"LVA","CPIFORECAST","TOT","AGRWTH","A","2006",6.5710576745,
"LVA","CPIFORECAST","TOT","AGRWTH","A","2007",10.0812064965,
"LVA","CPIFORECAST","TOT","AGRWTH","A","2008",15.2534513647,
"LVA","CPIFORECAST","TOT","AGRWTH","A","2009",3.2588420321,
"LVA","CPIFORECAST","TOT","AGRWTH","A","2010",-1.2237886087,
"LVA","CPIFORECAST","TOT","AGRWTH","A","2011",4.2224732397,
"LVA","CPIFORECAST","TOT","AGRWTH","A","2012",2.2854734379,
"LVA","CPIFORECAST","TOT","AGRWTH","A","2013",0.0109323623,
"LVA","CPIFORECAST","TOT","AGRWTH","A","2014",0.6903452567,
"LVA","CPIFORECAST","TOT","AGRWTH","A","2015",0.2129489674,
"LVA","CPIFORECAST","TOT","AGRWTH","A","2016",0.0991650139,
"LVA","CPIFORECAST","TOT","AGRWTH","A","2017",2.8937488027,
"LVA","CPIFORECAST","TOT","AGRWTH","A","2018",2.6079848641,
"LVA","CPIFORECAST","TOT","AGRWTH","A","2019",2.9960788796,
"LVA","CPIFORECAST","TOT","AGRWTH","A","2020",2.7013295083,
"SVN","CPIFORECAST","TOT","AGRWTH","A","1997",8.3377251156,
"SVN","CPIFORECAST","TOT","AGRWTH","A","1998",7.9157930051,
"SVN","CPIFORECAST","TOT","AGRWTH","A","1999",6.1149625392,
"SVN","CPIFORECAST","TOT","AGRWTH","A","2000",8.9529501377,
"SVN","CPIFORECAST","TOT","AGRWTH","A","2001",8.624630277,
"SVN","CPIFORECAST","TOT","AGRWTH","A","2002",7.4918002352,
"SVN","CPIFORECAST","TOT","AGRWTH","A","2003",5.6477984525,
"SVN","CPIFORECAST","TOT","AGRWTH","A","2004",3.6587359541,
"SVN","CPIFORECAST","TOT","AGRWTH","A","2005",2.4308695195,
"SVN","CPIFORECAST","TOT","AGRWTH","A","2006",2.5487056312,
"SVN","CPIFORECAST","TOT","AGRWTH","A","2007",3.8036134328,
"SVN","CPIFORECAST","TOT","AGRWTH","A","2008",5.5223952558,
"SVN","CPIFORECAST","TOT","AGRWTH","A","2009",0.8498428248,
"SVN","CPIFORECAST","TOT","AGRWTH","A","2010",2.055961291,
"SVN","CPIFORECAST","TOT","AGRWTH","A","2011",2.0766929176,
"SVN","CPIFORECAST","TOT","AGRWTH","A","2012",2.8094285466,
"SVN","CPIFORECAST","TOT","AGRWTH","A","2013",1.9297800338,
"SVN","CPIFORECAST","TOT","AGRWTH","A","2014",0.3660328185,
"SVN","CPIFORECAST","TOT","AGRWTH","A","2015",-0.7633019632,
"SVN","CPIFORECAST","TOT","AGRWTH","A","2016",-0.1533346111,
"SVN","CPIFORECAST","TOT","AGRWTH","A","2017",1.5565663735,
"SVN","CPIFORECAST","TOT","AGRWTH","A","2018",1.9643269943,
"SVN","CPIFORECAST","TOT","AGRWTH","A","2019",2.1881608754,
"SVN","CPIFORECAST","TOT","AGRWTH","A","2020",2.7820789044,
